,listing_id,address,property_type,property_link,price_per_month,featured_property,dates_available,furnishing,description,longitude,latitude,initial_scrape_date,most_recent_scrape_date,Bermondsey,Borough,Elephant & Castle,London Bridge,Queens Road (Peckham),Rotherhithe,South Bermondsey,Surrey Quays,Wapping
0,36967956,"Abingdon Close, London SE1",1 bed end terrace house to rent,https://www.zoopla.co.uk/to-rent/details/36967956,"£1,235 pcm",,18th Feb 2019,Furnished,"A well-presented 1 bedroom house ideally situated in this quiet residential cul-de-sac. The house benefits from a good size reception room, separate kitchen, large double bedroom and modern bathroom. Further benefits include allocated parking.The area has a weekly antiques market on a Friday and is a short walk to Shad Thames & Bermondsey Street which are home to an array of bars and restaurants.",-0.071993,51.489463,19/12/2018,19/12/2018,0.7 miles,,,,,,0.8 miles,,
1,46146823,"Bermondsey Wall West, London SE16",1 bed flat to rent,https://www.zoopla.co.uk/to-rent/details/46146823,"£1,690 pcm",,17th Jan 2019,Furnished,"City Docklands present to market this one bedroom warehouse style apartment with exposed brickwork located on the bank of the River Thames. Located on the cusp of Shad Thames on Bermondsey Wall West, this Berkeley built apartment is in excellent condition throughout and benefits from a communal garden with Thames side seating. Offered furnished.",-0.067564,51.501197,19/12/2018,19/12/2018,0.3 miles,,,,,,,,0.5 miles
2,49980475,"Tower Bridge Road, London Bridge SE1",1 bed flat to rent,https://www.zoopla.co.uk/to-rent/details/49980475,"£1,690 pcm",,13th Feb 2019,Furnished,Modern one bedroom apartment 7 min walk from London Bridge Station. Available now! Full furnished to executive standard. Good size open plan living room with balcony and fitted kitchen. Floor to ceiling windows give ample natural light. 24/7 concierge.Modern 1 Bedroom Open Plan ApartmentAmple Natural Light Throughout7min Walk to London Bridge StationPrivate BalconyUnder Floor Heating and Wooden Floors Throughout24 Hour Concierge and Security On siteFully Fitted Kitchen with Washer DryerFloor to Ceiling WindowsView Today,-0.079254,51.501084,19/12/2018,19/12/2018,,0.6 miles,,0.4 miles,,,,,
3,49972884,"Sheperd Drive, Bermondsey SE16",2 bed flat to rent,https://www.zoopla.co.uk/to-rent/details/49972884,"£1,400 pcm",,,,"Hunters Estate Agents in Surrey Quays is pleased to offer unto the lettings market this 2 bedroom ground floor flat, the property is available from 13th January 2019. For viewing appointments, please contact our lettings department on .",-0.061884,51.489045,19/12/2018,19/12/2018,0.6 miles,,,,,,0.3 miles,,
4,48530036,"Eastwell House Weston Street, Borough SE1",2 bed flat to rent,https://www.zoopla.co.uk/to-rent/details/48530036,"£1,730 pcm",,17th Dec 2018,Furnished,"Re/max presents this two-bedroom apartment located on Weston Street SE1 on the third floor in this popular development. The property comprises two double bedrooms, bright reception room, modern fitted kitchen, bathroom and separate WC. The apartment is decorated in neutral colours with laminated flooring and benefits from gas central heating.Eastwell House is situated near to Borough underground station (Northern Line) and London Bridge train/underground station (Northern and Jubilee Line and National Rail) providing easy access into the City, Canary Wharf and the West End. Bermondsey Street, the food markets of Maltby Street, South Bank and Borough Market along with the other great local amenities of central London are all in walking distance of the apartment.",-0.086516,51.498343,19/12/2018,19/12/2018,,0.4 miles,,0.5 miles,,,,,
5,49968801,"Plough Way, Surrey Quays, London SE16",2 bed flat to rent,https://www.zoopla.co.uk/to-rent/details/49968801,"£1,600 pcm",,,,"Spacious two bedroom apartment in Surrey Quays, 200 meters from the Station. Offered unfurnished and available 21st Jan 2019. Click for more information...TComprising of two double bedrooms, a spacious bathroom with over-tub shower, a semi open-plan kitchen to a large and naturally lit reception.",-0.0436,51.492194,19/12/2018,19/12/2018,,,,,,,,0.2 miles,
6,49968502,"Culloden Close, London SE16",1 bed flat to rent,https://www.zoopla.co.uk/to-rent/details/49968502,"£1,175 pcm",,11th Feb 2019,Furnished,"A spacious one bedroom apartment, located on the second floor of a private Development. Archers Lodge offers neutral decor throughout and is well placed for local amenities and transport links. Internally comprising a larger than average lounge, separate fitted kitchen, master bedroom and a three piece bathroom. Benefiting from storage space, allocated parking and a Juliette balcony.",-0.064951,51.485678,19/12/2018,19/12/2018,0.8 miles,,,,,,0.5 miles,,
7,49960738,"Dover Flats, London SE1",2 bed flat to rent,https://www.zoopla.co.uk/to-rent/details/49960738,"£1,550 pcm",,15th Dec 2018,Furnished,"**please note this apartment does not have A lift.**A fourth floor apartment refurbished in recent years with lounge & separate kitchen/diner available now.Boasting wooden floors, freshly repainted walls, fully fitted (Separate) larger than average kitchen, modern bathroom with shower and stylishly furnished situated on the fourth floor of this period building. Further benefits include a massive communal roof terrace with stunning views over the cityscape. ""Dover Flats"" is located at the North end of Old Kent Road and at the bottom of Tower Bridge Road.For transport, numerous buses and night buses stop outside the property or Borough station ( Northern Line ) can be reached in ten minutes.",-0.081038,51.491554,19/12/2018,19/12/2018,,0.9 miles,0.8 miles,,,,,,
8,49960182,"Tower Bridge Road, London Bridge SE1",1 bed flat to rent,https://www.zoopla.co.uk/to-rent/details/49960182,"£1,690 pcm",,13th Feb 2019,Furnished,"Seamless open plan 1-bedroom apartment in private gated development. With generous size kitchen/lounge filled with natural light leading to panoramic views of London from your own private balcony. Complete with dishwasher and separate cupboard for washer/dryer. The apartment also benefits from being fully furnished, modern ensuite bathroom and underfloor heating. Great onsite amenities such as 24hr concierge and security and furthermore gym and parking (at additional cost). Within 10 minutes walking distance to London Bridge this property is available on the 13th Feb. Inspect today!Large open plan apartment with private balconyModern bathroomNatural light filled loungeKitchen fitted with dishwasherSeparate cupboard with washer/dryerGated development with 24hr conciergeAvailable 13th FebApproximately 10 minute walk to London Bridge",-0.079254,51.501084,19/12/2018,19/12/2018,,0.6 miles,,0.4 miles,,,,,
9,44217794,"New Place Square, London SE16",1 bed flat to rent,https://www.zoopla.co.uk/to-rent/details/44217794,"£1,213 pcm",,14th Jan 2019,Furnished,"A cosy 1 bedroom flat ideally located within short walking distance to Bermondsey Tube Station. This top floor property comprises living room with access to a private balcony, kitchen, bedroom and a bathroom. Benefits include secure entry system, wood flooring troughout and walk in cupboard.*hot water and heating included in the price*",-0.06091,51.497751,19/12/2018,19/12/2018,0.1 miles,,,,,0.4 miles,,,
10,45898456,"Tabard House, Manciple Street, London SE1",1 bed flat to rent,https://www.zoopla.co.uk/to-rent/details/45898456,"£1,349 pcm",,2nd Feb 2019,Furnished,"Kings & Marsh are proud to offer this well presented 1 bed flat to let in Borough, the property is situated 3-4 min walk from London Bridge, Borough Market and offers following features:Spacious and bright separate brand new fully fitted kitchen with dining areaLaminated wood floors.Newly refurbished throughout in neutral décor.Well-presented furnished bedroomSpacious 3 piece fully tiled bathroomIdeal for 2 sharersAdditional Information:-Travel / Tube access- London Bridge tube station - 7 min walk (Northern Line - 1 stop to Bank, Jubilee Line - 3 stops to Canary Wharf)- Borough tube station - 3 min walk (Northern Line - 2 stops to Bank)- Elephant Castle stations- 15 min walk (Access to Bakerloo, Northern and First Capital Connect lines)- Rotherhithe Tunnel - 7 min drivePlease txt TAB1B to for more information or a call backMore pictures to be added shortly.",-0.088064,51.498521,19/12/2018,19/12/2018,,0.3 miles,,0.5 miles,,,,,
11,49942764,"Vauban Estate, London SE16",3 bed maisonette to rent,https://www.zoopla.co.uk/to-rent/details/49942764,"£1,600 pcm",,19th Dec 2018,Unfurnished,"Property Reference: 472529.We are happy to present this newly refurbished superb three bedroom maisonette located very close to Bermondsey underground station, SE16. The property has been fully repainted throughout with new flooring and comprises of a large reception room, a medium kitchen with all fully fitted appliances, two double bedrooms, and one single bedroom, a bathroom with power shower and WC. Available immediately.Summary & Exclusions:- Rent Amount: £1,600.00 per month (£369.23 per week)- Deposit / Bond: £1,600.00- 3 Bedrooms- 1 Bathrooms- Property comes unfurnished- Available to move in from 19 December, 2018- Minimum tenancy term is 12 months- Maximum number of tenants is 5- DSS enquiries welcome- Students welcome to enquire- No Pets, sorry- Smokers considered- Family Friendly- Bills not included- No Parking Available- No Garden Access- EPC Rating: D If calling, please quote reference: 472529 Fees:You will not be charged any admin fees.Referencing for tenants only costs £20 each, if requested by the landlord for this property.** Contact today to book a viewing and have the landlord show you round! **Request Details form responded to 24/7, with phone bookings available 9am-9pm, 7 days a week.OpenRent endeavours to make all property particulars as accurate and reliable as possible, however if you require any further clarification or information please contact us. When applying for a tenancy using the Rent Now process, you will be required to pay one month's rent and any deposit before moving in. This will be paid to OpenRent and released to the landlord once you have moved in. With OpenRent there are no administration fees to pay, although you may need to pay £20 per tenant to cover the cost of referencing if required by the landlord.",-0.07283,51.49489,19/12/2018,19/12/2018,0.5 miles,,,0.9 miles,,,,,
12,49941501,"Leroy Street, Borough SE1",1 bed flat to rent,https://www.zoopla.co.uk/to-rent/details/49941501,"£1,300 pcm",,27th Dec 2018,Furnished or unfurnished,"A well presented one bedroom apartment set within a gated development within easy reach to both Borough and London Bridge stations.The property comprises of an open plan kitchen/lounge, double bedroom and a modern three piece bathroom suite.Further benefits include off street parking, wood floors, large windows and gas central heating.Leroy Street is located within easy reach of a wide range of shops, bars, restaurants and other amenities around Tower Bridge, Borough and London Bridge, including bustling Borough Market.",-0.083948,51.493957,19/12/2018,19/12/2018,,0.7 miles,0.7 miles,,,,,,
13,49933203,"Abingdon Close, London SE1",1 bed terraced house to rent,https://www.zoopla.co.uk/to-rent/details/49933203,"£1,500 pcm",,1st Jan 2019,Furnished,"Property Reference: 481821.A cosy home in a quiet and safe yet central neighbourhood of London. Close to Elephant & Castle, Bermondsey, and Borough tubes. Furnished to a very high standard, you will not be disappointed.The house comprises two levels, an en-suite bathroom and a guest bathroom as well. You have access to a private garden and a parking spot.Please get in touch with any questions.Summary & Exclusions:- Rent Amount: £1,500.00 per month (£346.15 per week)- Deposit / Bond: £1,500.00- 1 Bedrooms- 1 Bathrooms- Property comes furnished- Available to move in from 01 January, 2019- Minimum tenancy term is 6 months- Maximum number of tenants is 2- No DSS / Housing Benefit Applicants- No Students- No Pets, sorry- No Smokers- Family Friendly- Bills not included- Property has parking- Property has garden access- EPC Rating: Currently Being Obtained If calling, please quote reference: 481821 Fees:You will not be charged any admin fees.Referencing for tenants only costs £20 each, if requested by the landlord for this property.** Contact today to book a viewing and have the landlord show you round! **Request Details form responded to 24/7, with phone bookings available 9am-9pm, 7 days a week.OpenRent endeavours to make all property particulars as accurate and reliable as possible, however if you require any further clarification or information please contact us. When applying for a tenancy using the Rent Now process, you will be required to pay one month's rent and any deposit before moving in. This will be paid to OpenRent and released to the landlord once you have moved in. With OpenRent there are no administration fees to pay, although you may need to pay £20 per tenant to cover the cost of referencing if required by the landlord.",-0.071993,51.489463,19/12/2018,19/12/2018,0.7 miles,,,,,,0.8 miles,,
14,49931054,"Chatham Street, London SE17",1 bed flat to rent,https://www.zoopla.co.uk/to-rent/details/49931054,"£1,473 pcm",,1st Feb 2019,Unfurnished,Wonderful 1 bedroom garden ground floor apartment which is just a short walk away from Elephant and Castle Station in Zone 1 - SE1. This small development is situated on a quiet tree lined side street and near local amenities.Contact Cubix today to arrange a viewing.Open 7 days a week and happy to accommodate.,-0.088341,51.492941,19/12/2018,19/12/2018,,,0.6 miles,,,,,,
15,49930926,"Preston Close, London SE1",1 bed flat to rent,https://www.zoopla.co.uk/to-rent/details/49930926,"£1,200 pcm",,12th Dec 2018,Furnished or unfurnished,"Easy Lettings is proud to offer to the market a stunning spacious newly refurbished 1 double bedroom first floor flat located in SE1This property offers:Brand new large fully fitted kitchenOpen plan living roomModern bathroom1 spacious double bedroomDouble glazing throughoutWooden flooringGas central heatingDecorated to a high standardFantastic transport linksAvailable to view nowThis Property offers excellent access to central London with only being minutes away from Brockley tube and overground Stations and all the amenities of Brockley Rd.To view this property or request more details, contact Easy Lettings onplease quote when calling: Preston CloseDisclaimer:These particulars are intended only as general guidance. Easy Lettings Ltd therefore gives notice that none of the material issued or visual depictions of any kind made on behalf of the Company can be relied upon as accurately describing any of the Specified Matters prescribed by any Order made under the Property Misdescriptions Act 1991. Nor do they constitute a contract, part of a contract or a warranty.",-0.084093,51.492548,19/12/2018,19/12/2018,,0.7 miles,0.7 miles,,,,,,
16,49930659,"Rossetti Road, London SE16",2 bed flat to rent,https://www.zoopla.co.uk/to-rent/details/49930659,"£1,500 pcm",,19th Dec 2018,Unfurnished,"Conveniently situated adjacent to south bermondsey station, is this is newly refurbished two bedroom ground floor apartment. Rossetti Road is well presented throughout and internally comprises a spacious reception room, a fully fitted kitchen, two double bedrooms, and a modern bathroom. Further benefits include double glazing, allocated parking and access to well maintained communal gardens.",-0.060897,51.488893,19/12/2018,19/12/2018,,,,,,,0.3 miles,0.6 miles,
17,49923482,"Chaucer Drive, Borough SE1",1 bed flat to rent,https://www.zoopla.co.uk/to-rent/details/49923482,"£1,213 pcm",,1st Jan 2019,Furnished or unfurnished,"Purpose built one bedroom apartment on the first floor within minutes walk to Tesco and various bus routes on Old Kent Road for easy access to Central London.The property comprises of a large reception room, separate fitted kitchen, double bedroom, 3 piece bathroom suite, double glazing and gas central heating.",-0.074016,51.489307,19/12/2018,19/12/2018,0.8 miles,,,,,,0.8 miles,,
18,49915123,"Long Lane, Borough SE1",1 bed flat to rent,https://www.zoopla.co.uk/to-rent/details/49915123,"£1,517 pcm",,,,"Long let. Set on the third floor, this one bedroom flat boasts charming accommodation including a large reception room with private balcony, a smart separate kitchen and generously-sized double bedroom with fitted storage.Archdale House is superbly located moments from London Bridge and Borough which offer both a great selection of amenities and transport links. Borough Market is also within easy reach.",-0.083149,51.497901,19/12/2018,19/12/2018,,0.5 miles,,0.5 miles,,,,,
19,49950229,"Weald Close, London SE16",2 bed flat to rent,https://www.zoopla.co.uk/to-rent/details/49950229,"£1,387 pcm",,11th Dec 2018,Furnished,"Greenleaf Property Services are delighted to offer to let this two bedroom third floor apartment located in Bermondsey. Accommodation comprises of modern kitchen, living room, modern bathroom, and two bedrooms. Benefits include being fully furnished, double glazing, and one parking space and is with in a short walk of South Bermondsey StationSorry Housing Benefit and Pets are not accepted at this property'Please note that administration fees are charged in addition to the rent and security deposit. Please contact our Lettings Team who will confirm the total costs involved in renting this property.",-0.062191,51.487593,19/12/2018,19/12/2018,,,,,,,0.3 miles,0.7 miles,
20,49907958,"Tissington Court, London SE16",1 bed flat to rent,https://www.zoopla.co.uk/to-rent/details/49907958,"£1,400 pcm",,1st Jan 2019,Furnished or unfurnished,"Property Reference: 480454.PropertyNewly refurbished throughout apartment on the 12th floor of Tissington Court.One stylish double bedroom with fitted wardrobe.High spec kitchen with appliances and balcony.Luxurious bathroom suite and mirrored wall.Spacious living room private balcony for beautiful panoramic views.Southwest facing - allows maximum natural sunlight into the apartment.Faces away from the main road.Double glazed throughout.Central heating and unlimited hot water.Loads of storage space.Can be provided furnished or unfurnishedTransport7 minutes walk to Surrey Quays overground10 minutes walk to Canada Water underground (jubilee line) or take bus from outsideBus stop outside for Elephant & Castle, Peckham, WaterlooLocal Area2 minutes walk to Southwark Park and Sports complex7 minutes walk to Surrey Quays shopping centre and Odeon cinema complexOnly 0.9 miles to the river!Would suit busy professionals looking for a short commute back to a stylish, high spec, furnished home.Email or call now to view.Very important. Long term tenant preferred. 2 year minimum tenancy with guaranteed no rent rise for minimum of 4 years. Flexible moving in date for the right tenant. You will be renting and dealing directly with the landlord.Summary & Exclusions:- Rent Amount: £1,400.00 per month (£323.08 per week)- Deposit / Bond: £2,000.00- 1 Bedrooms- 1 Bathrooms- Property comes furnished or unfurnished (tenant can decide)- Available to move in from 01 January, 2019- Minimum tenancy term is 24 months- Maximum number of tenants is 2- No DSS / Housing Benefit Applicants- No Students- Pets considered / by arrangement- No Smokers- Family Friendly- Bills not included- Property has parking- No Garden Access- EPC Rating: C If calling, please quote reference: 480454 Fees:You will not be charged any admin fees.Referencing for tenants only costs £20 each, if requested by the landlord for this property.** Contact today to book a viewing and have the landlord show you round! **Request Details form responded to 24/7, with phone bookings available 9am-9pm, 7 days a week.OpenRent endeavours to make all property particulars as accurate and reliable as possible, however if you require any further clarification or information please contact us. When applying for a tenancy using the Rent Now process, you will be required to pay one month's rent and any deposit before moving in. This will be paid to OpenRent and released to the landlord once you have moved in. With OpenRent there are no administration fees to pay, although you may need to pay £20 per tenant to cover the cost of referencing if required by the landlord.",-0.049311,51.490698,19/12/2018,19/12/2018,,,,,,,,0.2 miles,
21,49903924,"Empire Square South, Southwark SE1",1 bed flat to rent,https://www.zoopla.co.uk/to-rent/details/49903924,"£1,700 pcm",,7th Dec 2018,Furnished,"A bright and spacious one bedroom flat, set in a secure modern development with concierge service. The property is located moments from Borough & London Bridge stations, with London's main attractions on your doorstep.The flat further benefits from floor to ceiling windows and two juliet-balconies. The property comprises of a large master bedroom with built-in storage, a bathroom with a shower over the bath, a fully integrated kitchen and an open-plan reception.",-0.089997,51.500198,19/12/2018,19/12/2018,,0.2 miles,,0.4 miles,,,,,
22,49897938,"Haven Way, London SE1",1 bed flat to rent,https://www.zoopla.co.uk/to-rent/details/49897938,"£1,733 pcm",,1st Jan 2019,Unfurnished,"Designed and fitted to a high specification this large 1 bedroom ground floor apartment is ideally located within walking distance from Bermondsey and London Bridge Underground Stations. The apartment also benefits from a concierge service, underfloor heating throughout, a landscaped courtyard area, secure underground parking (on request) and excellent floor to ceiling heights of 3.6 metres.Nb. Photos are indicative only.",-0.075572,51.4965,19/12/2018,19/12/2018,0.5 miles,,,0.7 miles,,,,,
23,49896855,"Tower Mansions 86-87 Grange Road, London SE1",2 bed flat to rent,https://www.zoopla.co.uk/to-rent/details/49896855,"£1,647 pcm",,7th Dec 2018,Furnished,"Madley Property present a fantastic two bedroom property close to Bermondsey Spa Gardens and the ever popular Bermondsey Street. The property comprises of two large double bedrooms, a good sized living area, separate kitchen and modern bathroom. Recently refurbished throughout with new wood flooring, high spec kitchen and bathroom this property offers views over the park and great access to public transport and local amenities, which are just moments away on Grange Road.EPC - C",-0.076079,51.494377,19/12/2018,19/12/2018,0.6 miles,,,0.8 miles,,,,,
24,49887931,"Grange Road, London SE1",1 bed flat to rent,https://www.zoopla.co.uk/to-rent/details/49887931,"£1,695 pcm",,5th Jan 2019,Furnished,"Long let Available from 5th January. Airsorted Lets are proud to present this spacious one-bed located near London Bridge.The flat comprises of a modern kitchen, a living room full of natural light, a contemporary bathroom and a generous master bedroom.The property is situated on a quiet street near London Bridge, in the heart of South London, yet surrounded by nearby bars and restaurants. The nearest transport is provided by London Bridge (Northern and Jubilee lines).",-0.080443,51.496121,19/12/2018,19/12/2018,,0.7 miles,,0.7 miles,,,,,
25,49887850,"434 Old Kent Road, London SE1",2 bed flat to rent,https://www.zoopla.co.uk/to-rent/details/49887850,"£1,575 pcm",,8th Jan 2019,,"*L&Q are now offering no letting fees across all properties*L&Q offer you a fantastic opportunity to rent a selection of plush two bedroom apartments situated on one of London's most historic streets in SE1, which is conveniently surrounded by local supermarkets, bars and restaurants with excellent transport links nearby to get you into the heart of the city in less than 30 minutes.The apartments are split over two levels and consists of a large open plan reception room/kitchen with high end integrated appliances, a modern three-piece family bathroom suite, some with separate w/c's, two good sized double bedrooms and access to two private balconies. Inside the development you will also have access to a communal courtyard with a children's play area and secure push bike storage.*Move “Fee Free” - when renting through L&Q, you will not pay any referencing fees, check in fees or administration fees. There are also no renewal fees that apply to our tenancies. Rent “Fee Free” through L&Q today. One month’s rent and six weeks deposit is all you will pay. Your holding deposit will be deducted from your six week deposit.*Call our lettings team today on",-0.07149,51.485687,19/12/2018,19/12/2018,0.9 miles,,,,,,0.7 miles,,
26,49887770,"Tower Bridge Road, London SE1",1 bed flat to rent,https://www.zoopla.co.uk/to-rent/details/49887770,"£1,300 pcm",,14th Dec 2018,,"Ready to rent! This one bedroom apartment above a long-established carpet shop is in a Victorian terrace just a short walk from Bermondsey Street. It is presented unfurnished, in good decorative order and has a nice laminate floor. The kitchen is a great size and has a sash window overlooking the surrounding buildings at the rear. The block comprises just five apartments and has nice carpeted common parts.Living here, you are so close to the pavement cafes, restaurants and shops of Bermondsey Street but you don't have to pay a Bermondsey Street rent! London Bridge station is about a ten minute walk to the north whilst equidistant to the west is Elephant and Castle; an area that has been transformed in recent years with green spaces and a policy to promote artisan businesses.",-0.083908,51.495602,19/12/2018,19/12/2018,,0.6 miles,,0.7 miles,,,,,
27,49886851,"Acanthus Drive, Bermondsey, London SE1",2 bed flat to rent,https://www.zoopla.co.uk/to-rent/details/49886851,"£1,400 pcm",,1st Feb 2019,Furnished or unfurnished,"Property OverviewFolio London is delighted to offer this spacious two bedroom apartment. With an open planned living/dinning area. Beautifully decorated throughout.Located in Zone 2 there are excellent public transport links. This property is close to Bermondsey Station (jubilee) and Borough tube station (northern).5 minute walk to bus stops &amp; 24 hour buses5 minute walk to retail parks, supermarkets and shops10 minute bus ride to Borough Station (northern line), London Bridge (northern &amp; jubilee &amp; rail) &amp; Elephant &amp; Castle (norther &amp; Bakerloo &amp; rail)20 minute walk to Bermondsey Station (jubilee line)There is resident permit parking available. To meet the reference criteria for this property, you will need to earn a minimum household income of £42,000 p.A.  We are trusted landlords that do not charge fees. At Folio we are passionate about finding you a home that you will love. We have been matching up people with properties since 2007; establishing great relationships, opinions and feedback that strive us to be different.We want to be the landlord that you can really trust.We care about our residents and we care about people. One way we show this is by reinvesting all of our profits into providing homes for those who cannot otherwise afford them and supporting initiatives, such as women?S refugees and homelessness projects.At Folio we do things a little different. Unlike other estate agents, we own every home we rent. This means no fees, no hidden costs and a dedicated Folio team to look after your needs. We put our residents first.Live DifferentLive BetterLive with Folio",-0.0683,51.488233,19/12/2018,19/12/2018,0.7 miles,,,,,,0.6 miles,,
28,49878541,"Chaucer Drive, London SE1",2 bed flat to rent,https://www.zoopla.co.uk/to-rent/details/49878541,"£1,387 pcm",,,Furnished,"Two bedroom one bathroom flat in Bermondsey, a great choice for a couple or two sharers!This property is available soon at a bargain rent and within easy commute of the city or West End. Early viewing recommended! Stock is going quickly!Our Ref: Rpl/iupload/CTL181024",-0.074016,51.489307,19/12/2018,19/12/2018,0.8 miles,,,,,,0.8 miles,,
29,49878540,"Chaucer Drive, London SE1",2 bed flat to rent,https://www.zoopla.co.uk/to-rent/details/49878540,"£1,499 pcm",,,Furnished,"Spacious and completely refurbished this twobedroom flat is a great choice for a couple or two sharers! Wooden floors throughout, brand new bathroom, kitchen in immaculate condition and very bright reception room with great City views!Our Ref: Rpl/iupload/CTL181023",-0.074016,51.489307,19/12/2018,19/12/2018,0.8 miles,,,,,,0.8 miles,,
30,49862221,"Rotherhithe New Road, London SE16",3 bed flat to rent,https://www.zoopla.co.uk/to-rent/details/49862221,"£1,668 pcm",,5th Jan 2019,Furnished,"The Champs are pleased to offer wonderfull cozy three bedroom one bathroom flat in Surrey Quays. The flat has to offer spacious fully furnished double rooms with plenty of natural sunlight. Seperate fully fitted kitchen with all the white goods in place. The living room has been converted into a third room which is handy for students or multiple occupancy. The flat is located within five minutes walk to Surrey Quays overground station that easily connects to Central London, City or Canary Wharf area. There are also plenty of local amenities around such as Surrey Quays Shopping Centre, Post Office, Banks, Barber Shops, Sport Complex and massive Southwark Park. Please call or send us an email to arrange a viewings",-0.048158,51.491713,19/12/2018,19/12/2018,,,,,,,,0.1 miles,
31,49856620,"Chaucer Drive, London SE1",1 bed flat to rent,https://www.zoopla.co.uk/to-rent/details/49856620,"£1,300 pcm",,15th Jan 2019,,One bedroom flat within a secure purpose built block which has been refurbished to a high standard. The perfect property for a single professional or coupleWithin walking distance to the array of bars and restaurants on Bermondsey Street. Conveniently located close to a Tesco superstore and great bus routes from the Old Kent Road.,-0.074016,51.489307,19/12/2018,19/12/2018,0.8 miles,,,,,,0.8 miles,,
32,49855631,"Cadet Drive, Bermondsey SE1",2 bed flat to rent,https://www.zoopla.co.uk/to-rent/details/49855631,"£1,452 pcm",,27th May 2017,Furnished,"City Docklands present to market this brand new refurbished two bedroom apartment located in Cadet Drive, SE1. The property is on the ground floor of this popular and secure entry purpose built block and comprises a open plan kitchen/reception, two double bedrooms and a luxury bathroom. Offered furnished.",-0.071027,51.489492,19/12/2018,19/12/2018,0.7 miles,,,,,,0.7 miles,,
33,49852892,"Mawbey Street, Bermondsey SE1",2 bed flat to rent,https://www.zoopla.co.uk/to-rent/details/49852892,"£1,452 pcm",,11th Jan 2019,Furnished,"A stylish two bedroom flat set on the second floor of a purpose block located just off Old Kent road, SE1.The property boasts a charming reception room opening onto a private balcony, a modern fully fitted kitchen, two bedrooms, a modern bathroom suite and a separate W/C.Further benefits include wood floors, double glazed windows, gas central heating and offers good access to a range of local amenities that old Kent Road has to offer.",-0.0714,51.48645,19/12/2018,19/12/2018,0.9 miles,,,,,,0.7 miles,,
34,49850232,"Great Dover Street, London SE1",2 bed flat to rent,https://www.zoopla.co.uk/to-rent/details/49850232,"£1,733 pcm",,6th Dec 2018,,"An ideally located this spacious two double bed-roomed apartment is situated in the heart of London Bridge. Boasting larger than average rooms, south facing balcony, separate kitchen, white walls, wooden floors and contemporary fittings throughout. This property is located in this very well kept purpose built block on the ground floor.For transport London Bridge Station (Northern line, Jubilee line and overground) is minutes away.The many delights of Borough Market and The South-bank are also minutes away.",-0.091334,51.49924,19/12/2018,19/12/2018,,0.2 miles,0.5 miles,,,,,,
35,49849962,"Barrow Stores Court, Decima Street, London SE1",1 bed flat to rent,https://www.zoopla.co.uk/to-rent/details/49849962,"£1,350 pcm",,2nd Dec 2018,Unfurnished,"Barrow Stores Court, Decima Street, Tower Bridge, SE1 4QQ.Come and view this immaculate and stylish lower ground floor studio flat to let In Tower Bridge SE1.The property I situated in an excellent location just between Tower Bridge and London Bridge.The apartment is situated on the lower ground floor in a modern building with video entry and elevators. The property offers the following features·Bright Open plan lounge/living area and kitchen·Modern and neutrally decorated throughout·Oak wood flooring·Small communal patio·Offered furnished·Fully fitted kitchenThe property is offered Inclusive of all utility bills except C tax and water.I terms of transport the property is in a superb location and is situated close to Borough Station (northern line) London",-0.08345,51.497591,19/12/2018,19/12/2018,,0.5 miles,,0.5 miles,,,,,
36,49845203,"Stansfeld House, London SE1",1 bed flat to rent,https://www.zoopla.co.uk/to-rent/details/49845203,"£1,300 pcm",,21st Jan 2019,Furnished,"Property Reference: 477136.1 Bed Flat, Stansfeld House, SE1.This 1 bedroom, 1 bathroom flat is available to move in from 21 January 2019.The rent is £1,300.00 per month (£300.00 per week).Property comes furnishedDeposit / Bond is £1,300.00Minimum tenancy is 1 MonthsMaximum number of tenants is 2More details available upon enquiry.Summary & Exclusions:- No DSS / Housing Benefit Applicants- Students welcome to enquire- No Pets, sorry- No Smokers- Family Friendly- Bills Included- Property has parking- No Garden Access- EPC Rating: D If calling, please quote reference: 477136 Fees:You will not be charged any admin fees.Referencing for tenants only costs £20 each, if requested by the landlord for this property.** Contact today to book a viewing and have the landlord show you round! **Request Details form responded to 24/7, with phone bookings available 9am-9pm, 7 days a week.OpenRent endeavours to make all property particulars as accurate and reliable as possible, however if you require any further clarification or information please contact us. When applying for a tenancy using the Rent Now process, you will be required to pay one month's rent and any deposit before moving in. This will be paid to OpenRent and released to the landlord once you have moved in. With OpenRent there are no administration fees to pay, although you may need to pay £20 per tenant to cover the cost of referencing if required by the landlord.",-0.072783,51.490546,19/12/2018,19/12/2018,0.7 miles,,,,,,0.8 miles,,
37,46376996,"Alscot Road, London SE1",2 bed flat to rent,https://www.zoopla.co.uk/to-rent/details/46376996,"£1,750 pcm",,30th Nov 2018,Furnished,"City Docklands present to market this two bedroom apartment located on Alscot Road, SE1 with beautiful views overlooking Bermondsey Spa Gardens.",-0.07383,51.494079,19/12/2018,19/12/2018,0.5 miles,,,0.9 miles,,,,,
38,49830995,"Sherwood Gardens, London SE16",2 bed flat to rent,https://www.zoopla.co.uk/to-rent/details/49830995,"£1,400 pcm",,29th Dec 2018,Furnished,"Presented to the market is this spacious two bedroom apartment, located in a private Development offering an abundance of natural light. Comprising a large lounge with Juliette balcony, a fully fitted kitchen, two good sized double bedrooms and a three piece family bathroom. The property is neutrally decorated throughout and offers excellent transport links including South Bermondsey Station.",-0.064429,51.486793,19/12/2018,19/12/2018,0.8 miles,,,,,,0.4 miles,,
39,49827059,"Goodwin Close, London SE16",2 bed flat to rent,https://www.zoopla.co.uk/to-rent/details/49827059,"£1,550 pcm",,1st Jan 2019,Unfurnished,"A nicely presented second floor two bedroomed purpose built flat situated within walking distance of Bermondsey Tube station. The property has a spacious lounge/diner, modern fitted kitchen and refitted shower room. The property is offered to let on an unfurnished basis and there is off street parking available.You enter the block through the communal hall which has stairs leading to second floor and the private entrance to the block. Inside the entrance hall gives access to the lounge/diner and, off it, to the kitchen which has a good range of modern fully fitted wall and base units with an integrated oven and hob, washing machine, dishwasher, microwave and fridge freezer.The main bedroom is carpeted and has an ensuite dressing room with a mirror fronted wardobe and a compact sink and vanity unit. The small bedroom is also carpeted and has a fitted wardrobe. There is a separate shower room with a fully enclosed shower cubicle, hand basin and low level WC.The flat is available long term from 1 January 2019Full DescriptionACCOMMODATIONCommunal Entrance: Hall and stairs leading to second floor andPrivate Entrance: Hardwood front doorEntrance Hall: L-shaped, entryphone handsetLounge/diner: 18’3 x 10’6 fitted spotlightsKitchen: 7’6 x 6’2 range of modern fully fitted wall and base units, stainless steel sink and drainer with mixer tap, extractor hood, integrated oven, integrated hob, washing machine, dishwasher, microwave, fridge freezer, part tiled wallsBedroom 1: 11’6 x 8’5 carpeted, open toEnsuite Dressing Room: Fitted wardrobe with mirror fronted sliding doors, inset compact sink and vanity unitBedroom 2: 9’3 x 5’9 carpeted,single bed, fitted wardrobe with glass folding door, chest of drawersShower room: 8’4 x 6’9 modern suite comprising fully enclosed shower cubicle, hand basin inset to vanity unit, low level WC suite, part tiled wallsOUTSIDECommunal groundsOff street parking",-0.07105,51.495077,19/12/2018,19/12/2018,0.4 miles,,,,,,0.8 miles,,
40,49823019,"Oxley Close, London SE1",1 bed terraced house to rent,https://www.zoopla.co.uk/to-rent/details/49823019,"£1,250 pcm",,6th Jan 2019,Part furnished,"RE/MAX Vision are pleased to present this modern house to rent close to central London.Property comprises a open plan kitchen, open plan living room, double bedroom, 3 piece bathroom, private rear garden and parking.This property is conveniently located just a short walk from the main road where there are numerous 24 hour bus links into the West End. Nearest station is London Bridge & Elephant & Castle.Local amenities including Tesco, asda, Post Office, 24 hour gym, 24 hour off licences and numerous pan asian restaurants.Property will be available to move in from 6th January 2019.Updated photos will be uploaded 1st JanuaryPlease get in touch for more details.",-0.071673,51.489188,19/12/2018,19/12/2018,0.7 miles,,,,,,0.7 miles,,
41,45272911,"Elephant Lane, London SE16",1 bed flat to rent,https://www.zoopla.co.uk/to-rent/details/45272911,"£1,365 pcm",,14th Jan 2019,Furnished,"Key features:1 BedroomFurnishedRiver ViewOver 550 sqftFull description:This large 1 Bedroom is situated in the quite part of Rotherhithe offering, very large reception room, one bathroom, Fully equipped kitchen, available fully furnished, Close to Bermondsey Jubilee Line - 5mis to London Bridge Station. Water & Electric Bills Included.This large 1 Bedroom is situated in the quite part of Rotherhithe offering, very large reception room, one bathroom, Fully equipped kitchen, available fully furnished, Close to Bermondsey Jubilee Line - 5mis to London Bridge Station. Water & Electric Bills Included.Tenancy Administration Fee £275.00Additional Tenant - £45 per personReferencing Fees (applicant or guarantor) £95.00Deposit Registration Fee £30.00Inventory/Check In Fee - Studio Apartment - £230.00All above Include VAT",-0.055832,51.500608,19/12/2018,19/12/2018,,,,,,0.2 miles,,,
42,49795020,"Grange Road, London SE1",1 bed flat to rent,https://www.zoopla.co.uk/to-rent/details/49795020,"£1,600 pcm",,27th Nov 2018,Unfurnished,"*rent fee free with L&Q*Twist House is a stunning new development a short walk from the ever popular Bermondsey Street with its array of bars, boutiques, galleries and restaurants. This is a one bedroom, 1st floor, newly built apartment available to rent in central SE1 location.The property boasts one double bedroom with fitted wardrobe, spacious open plan living with fully integrated kitchen, modern fitted bathroom with heated towel rail and own private balcony.This property is offered unfurnished and available immediately.Contact us to arrange your appointment today on .Please note: Images shown are of the show home - specification will be the same but layouts may differ",-0.07932,51.495743,19/12/2018,19/12/2018,0.7 miles,,,0.7 miles,,,,,
43,49789727,"Cherry Garden Street, London SE16",1 bed flat to rent,https://www.zoopla.co.uk/to-rent/details/49789727,"£1,350 pcm",,22nd Jan 2019,Furnished,"A one-bedroom apartment situated on the first floor. This generously proportioned flat is presented in good condition throughout and comprises of a spacious lounge, double bedroom, fitted kitchen and a bathroom. The property further benefits from double glazing, gas central heating and allocated parking space. Cherry Garden Street is located a short walk from the River Thames and provides fantastic transport links.Agency Fees ApplyAdministration fee £200 per propertyReference fee £60 per personCheck out fee £100",-0.061102,51.499328,19/12/2018,19/12/2018,0.1 miles,,,,,0.3 miles,,,
44,45584407,"294 St James Road, London SE1",1 bed flat to rent,https://www.zoopla.co.uk/to-rent/details/45584407,"£1,560 pcm",,28th Jan 2019,Unfurnished,"This very large 1 bedroom warehouse conversation is available from Mid January. Finished to the highest of standards with exposed brick work, communal gardens and plenty of natural light. A stones through away from Bermondsey Station with direct links into the city. Contact Cubix today!Open 7 days a week and happy to accommodate.",-0.066102,51.48638,19/12/2018,19/12/2018,0.8 miles,,,,,,0.5 miles,,
45,49738607,"Bridgeview Court, 19 Grange Road, London SE1",1 bed flat to rent,https://www.zoopla.co.uk/to-rent/details/49738607,"£1,322 pcm",,20th Nov 2018,Furnished,"A well maintained one bedroom, one bathroom apartment in Bridgeview Court, boasting a fantastic City location close to London Bridge and the City.Situated on the fifth floor, the property comprises a spacious lounge with a Juliette balcony, a separate kitchen with integrated appliances and a double sized bedroom. The flat is offered furnished as shown in the pictures.Bridgeview Court is a secure, gated development with 24 hour surveillance for added safety for its residents. It is available to view immediately and ready to move in to.",-0.080443,51.496121,19/12/2018,19/12/2018,,0.7 miles,,0.7 miles,,,,,
46,49726383,"Grange Road, London SE1",2 bed flat to rent,https://www.zoopla.co.uk/to-rent/details/49726383,"£1,499 pcm",,,Furnished,Atkinson Mcleod is pleased to bring to the market this stunning split level apartment on Grange Road in Bermondsey. The apartment has just had a re-paint and is available immediately. The apartment offers two good size double bedrooms a very nice bathroom and huge open plan living room. Call our Lettings team today to book in your viewing.Our Ref: Rpl/iupload/CTL180981,-0.076079,51.494377,19/12/2018,19/12/2018,0.6 miles,,,0.8 miles,,,,,
47,49723708,"Chaucer Drive, London SE1",2 bed flat to rent,https://www.zoopla.co.uk/to-rent/details/49723708,"£1,517 pcm",,,Furnished,"Two bedroom one bathroom flat in Bermondsey, a great choice for a couple or two sharers!This property is available soon at a bargain rent and within easy commute of the city or West End. Early viewing recommended! Stock is going quickly!Our Ref: Rpl/iupload/CTL180980",-0.074016,51.489307,19/12/2018,19/12/2018,0.8 miles,,,,,,0.8 miles,,
48,49704944,"Law Street, London SE1",1 bed flat to rent,https://www.zoopla.co.uk/to-rent/details/49704944,"£1,348 pcm",,,Furnished,"A great value for money 1 bedroom apartment with Separate living room and kitchen in London Bridge SE1.The apartment offers a comfortable living space and benefits from being under 10 minutes walk distance to Kings College guys Campus, Borough & London Bridge underground stations. Available 23rd December 2018",-0.087139,51.497211,19/12/2018,19/12/2018,,0.4 miles,,0.6 miles,,,,,
49,45041592,"Burbage Close, London SE1",2 bed flat to rent,https://www.zoopla.co.uk/to-rent/details/45041592,"£1,668 pcm",,6th Dec 2018,Part furnished,"This stylish and redecorated two bedroomed apartment boasts size, quality and location. Situated on the top (third) floor of this very well looked after ex-local authority building.Boasting a larger than average stylish kitchen reception room, two generous sized double bedrooms, contemporary bathroom with walk in shower and charming private balcony.Transport links are plentiful with Borough Tube Station (Northern Line) and London Bridge Tube and Train Station (Jubilee Line, Northern Line and London Overground) being in close proximity. The delights of Borough market and Bermondsey Street are within walking distance.",-0.088418,51.495235,19/12/2018,19/12/2018,,0.5 miles,0.5 miles,,,,,,
50,49696829,"Grange Road, Bermondsey, London SE1",2 bed property to rent,https://www.zoopla.co.uk/to-rent/details/49696829,"£1,603 pcm",premium-listing,,,Contemporary and spacious two bedroom apartment in SE1. Perfect commute to London Bridge and walking distance to the city.Perfect flat with great interior and high spec finish make this a great place for two professionals looking for a well-priced property only a short commute away from Central London.Our Ref: Rpl/iupload/CTL161465,-0.076079,51.494377,19/12/2018,19/12/2018,0.6 miles,,,0.8 miles,,,,,
51,49689760,"Manor Estate, London SE16",3 bed flat to rent,https://www.zoopla.co.uk/to-rent/details/49689760,"£1,647 pcm",,2nd Dec 2018,Part furnished,"Oppida Estates are delighted to present to the market this light and spacious 3 bedroom flat arranged over two floors. The property comprises 2 double bedrooms, study, large and airy reception room, separate kitchen and bathroom. Benefits include double glazed windows and wood flooring throughout. Bermondsey Underground and South Bermondsey Rail stations are within short walking distance as well as local amenities in The Blue and Surrey Quays shopping centre. The property would be suitable for two sharers or a family.",-0.063164,51.491134,19/12/2018,19/12/2018,0.5 miles,,,,,,0.4 miles,,
52,34180655,"Jamaica Road, London SE16",1 bed flat to rent,https://www.zoopla.co.uk/to-rent/details/34180655,"£1,300 pcm",,19th Dec 2018,Furnished,"Oppida Estates are pleased to offer for rent this spacious one double bedroom apartment located on the 4th floor of this popular development in Bermondsey. The apartment comprises of spacious living room with access to a private balcony, separate fully fitted kitchen and lots of storage space. The property benefits from laminate flooring, double glazed windows and gas central heating. Bermondsey tube station is located within a 5 minute walk from the property.",-0.05932,51.498894,19/12/2018,19/12/2018,0.2 miles,,,,,0.3 miles,,,
53,43759054,"Spa Road, London SE16",1 bed flat to rent,https://www.zoopla.co.uk/to-rent/details/43759054,"£1,450 pcm",,20th Nov 2018,Part furnished,"A one double bedroom, one bathroom apartment in Bermondsey area. The property is a modern apartment situated within a converted Victorian building, all the property has been converted into a modern and creative space.Has a fully fitted modern kitchen open plan to the reception and wooden floors throughout, full tiled bathroom with shower and a big terrace/balcony.Convenience:- Close to Tower Bridge and London Bridge!- Just off Bermondsey Tube station (5 minutes walking), London Bridge tube (10 minutes walking) & Tower Bridge (5 minutes walking)- Friendly community spirit with the local clubs (yoga, book club, music and theatre)- Convenient close shops (Sainsbury´s, Tesco and The Cooperative)- Close Gym- 3 minutes walking from the trendy and new Maltby Street Market- 10 minutes walking from Borough MarketViewings highly recommended.Price: £1,450 per calendar month / £335 per week",-0.072784,51.495654,19/12/2018,19/12/2018,0.4 miles,,,0.8 miles,,,,,
54,49656044,"Rotherhithe New Road, Surrey Quays, London SE16",1 bed flat to rent,https://www.zoopla.co.uk/to-rent/details/49656044,"£1,153 pcm",,12th Nov 2018,Unfurnished,"**landlords Christmas sale price reduced **We are pleased to offer this spacious, one bedroom apartment. The property features a separate kitchen double bedroom and spacious lounge. Offered to the market as unfurnished and available now.Situated a short walk from both South Bermondsey and Surrey Quays stations.",-0.054451,51.490405,19/12/2018,19/12/2018,,,,,,,0.1 miles,0.3 miles,
55,49639747,"Maltby Street, London SE1",1 bed flat to rent,https://www.zoopla.co.uk/to-rent/details/49639747,"£1,733 pcm",,12th Jan 2020,Furnished,"A large and modern one double bedroom new build apartment located in the popular Bermondsey Central development. The property benefits from a very good specification throughout and consists of an extremely large open plan reception with fully integrated kitchen, a modern and contemporary bathroom suite, a good size double bedroom with built in wardrobes and a south west facing balcony accessible from both bedroom and reception. Available from mid January. Viewings are highly recommended.",-0.075678,51.49911,19/12/2018,19/12/2018,0.5 miles,,,0.6 miles,,,,,
56,49637904,"Law Street, London SE1",2 bed flat to rent,https://www.zoopla.co.uk/to-rent/details/49637904,"£1,348 pcm",,,Furnished,"A great value for money 2 double bedroom apartment with no living room in London Bridge SE1. The property features a separate kitchen and living room which the landlord is happy to be used as the second bedroom.The apartment offers a comfortable living space and benefits from being under 10 minutes walk distance to Kings College guys Campus, Borough & London Bridge underground stations. Available 23rd December 2018",-0.087139,51.497211,19/12/2018,19/12/2018,,0.4 miles,,0.6 miles,,,,,
57,49637098,"Grange Road, London SE1",1 bed flat to rent,https://www.zoopla.co.uk/to-rent/details/49637098,"£1,322 pcm",,9th Nov 2018,Furnished,"A one double apartment located on the fifth floor of this popular gated development just moments from Bermondsey Street. The property comprises of one double bedroom, reception, separate kitchen and main bathroom. Bridgeview Court benefits from a daytime porter, secure entry system and lift. London Bridge station and The City are all within easy walking distance. Presented furnished and available now.",-0.080443,51.496121,19/12/2018,19/12/2018,,0.7 miles,,0.7 miles,,,,,
58,49623938,"Balaclava Road, London SE1",2 bed flat to rent,https://www.zoopla.co.uk/to-rent/details/49623938,"£1,452 pcm",,,Unfurnished,"Please quote reference 36046 when enquiring about this propertyThe flat comprises two spacious double bedrooms, a living/reception room, first floor family bathroom and separate kitchen. Currently unfurnished.The flat has good bus and tube links. Bermondsey Underground Station (Zone 2) is a 15 minute walk.Southernwood Retail park and Superstore is a 6 minute walk away.Canary Wharf - 21 minsBank - 27 minsBond Street - 27 minsEPC - C",-0.072164,51.490869,19/12/2018,19/12/2018,0.6 miles,,,,,,0.8 miles,,
59,49609531,"Canada Water Plough Wy, London SE16",3 bed flat to rent,https://www.zoopla.co.uk/to-rent/details/49609531,"£1,750 pcm",,19th Dec 2018,Furnished,"Property Reference: 467114.This is a 3 bedroom apartment (2 doubles and 1 single) in the central area of Canada Water. The property is a maisonette so has two floors with the lounge and kitchen on the top 1st first along with an additional WC. The 3 bedrooms and the shower room bathroom are located on the 2nd floor, and the bedrooms and shower room. The apartment is walking distance to Canada Water, Jubilee line station ( Just a few stops from the City or Greenwich) which is a pleasant 10 minute walk through Brunswick quay waterside dock and shopping center to the station. There is also the added station of Surrey Quays Station just next to the shopping center too, which is on the East London Line. Here you will also find a wealth of shopping just 5 minutes from the apartment in Surrey Quays shopping center, with a Tesco's, Boots, coffee bars and all shops etc, additionally there is a Decathlon super store, bowling alleys and restaurants in the same location. The apartment is furnished, it also has a new boiler, gas central heating system and has just had a new kitchen and shower room fitted, completely re decorated and new carpets. High street shopping facilities are also just around the corner, with post office, banks and coffee bars. North Greenwich is just a few stops to the East and the West End shopping is just a few miles West, providing excellent location for weekend entertainment whichever direction . Great flat, excellent space for sharing professionals, will consider students post grad's with guarantors.£20.00 referencing only for all paperwork each. References and deposit required.Please provide a brief introduction, with the number of tenants sharing, and ideal moving dates.There is street parking outside and locally.No agent enquiries please.Summary & Exclusions:- Rent Amount: £1,750.00 per month (£403.85 per week)- Deposit / Bond: £1,750.00- 3 Bedrooms- 1 Bathrooms- Property comes furnished- Available to move in from 19 December, 2018- Minimum tenancy term is 12 months- Maximum number of tenants is 4- No DSS / Housing Benefit Applicants- Students welcome to enquire- No Pets, sorry- No Smokers- Family Friendly- Bills not included- No Parking Available- No Garden Access- EPC Rating: C If calling, please quote reference: 467114 Fees:You will not be charged any admin fees.Referencing for tenants only costs £20 each, if requested by the landlord for this property.** Contact today to book a viewing and have the landlord show you round! **Request Details form responded to 24/7, with phone bookings available 9am-9pm, 7 days a week.OpenRent endeavours to make all property particulars as accurate and reliable as possible, however if you require any further clarification or information please contact us. When applying for a tenancy using the Rent Now process, you will be required to pay one month's rent and any deposit before moving in. This will be paid to OpenRent and released to the landlord once you have moved in. With OpenRent there are no administration fees to pay, although you may need to pay £20 per tenant to cover the cost of referencing if required by the landlord.",-0.0436,51.492194,19/12/2018,19/12/2018,,,,,,,,0.2 miles,
60,49609160,"Crosby Row, Borough SE1",2 bed flat to rent,https://www.zoopla.co.uk/to-rent/details/49609160,"£1,690 pcm",,,,"Long let. A charming two bedroom flat boasting a superb location just off of Borough High Street, featuring a bright reception room and separate fitted kitchen.Crosby Row benefits from immediate access to a superb selection of shops, bars and restaurants on Borough High Street, Southwark Street and the fantastic Southbank area.",-0.088637,51.501363,19/12/2018,19/12/2018,,0.2 miles,,0.3 miles,,,,,
61,40356708,"Tower Bridge Road, London SE1",1 bed flat to rent,https://www.zoopla.co.uk/to-rent/details/40356708,"£1,452 pcm",,3rd Jan 2019,Unfurnished,"Complete is delighted to market this luxury one-bedroom/one-bathroom property in the development Glass House.Located on the 2nd floor of this development, the property provides you with an open plan of living space overlooking Tower Bridge Road. The bedroom will benefit from garden views and is carpeted for your comfort. There will be under floor heating throughout the property, with individual control for each room.Our favourite feature of this development is its location! Based at the start of Tower Bridge Road, the development is surrounded by a rich choice of amenities in the area. The development also benefits from a wonderful communal garden available for all residents to enjoy. The open plan kitchen is integrated with top of the range Siemens appliances and storage units. Other appliances in the property include: Washing machine, dishwasher, electric oven/hob, microwave, and fridge/freezer.Glass House is located within a 10-minute walk to Borough (Northern Line) and London Bridge (Northern Line, Jubilee Line, National Rail) Underground Stations. You can also walk to the other end of Tower Bridge Road where you would be able to enjoy a number of London’s tourist attractions such as: Tower of London, City Hall, Bermondsey Antique Market, and many more including The Shard, and the famous Borough Market close to London Bridge station.The area is ideal for any full time professional seeking easy access to the City, and is also perfect for students looking to walk to King’s College or Guy’s Hospital. Shopping amenities like Tesco and Sainsbury’s are a stone throw away, and you can benefit from lovely walks along the river Thames!For viewings or more information, please contact our expert team of lettings negotiators!Please note that images are used for illustration pursposes only",-0.083908,51.495602,19/12/2018,19/12/2018,,0.6 miles,,0.7 miles,,,,,
62,49580421,"Kipling Street, Borough SE1",1 bed flat to rent,https://www.zoopla.co.uk/to-rent/details/49580421,"£1,300 pcm",,15th Dec 2018,Furnished,"A modern bright and spacious one bedroom first floor flat set within a low rise block minutes from both Borough and London Bridge stations.The property comprises of a spacious reception room, a separate modern fully fitted kitchen, double bedroom and a shower suite.Having undergone recent refurbishment the flat boasts wood flooring throughout, double glazing and is offered in good decorative order.The property is a available furnished and is located within a quiet residential road moments from Borough market, Bermondsey Street and the London Bridge amenities.",-0.087583,51.500716,19/12/2018,19/12/2018,,0.3 miles,,0.3 miles,,,,,
63,44280720,"Stubbs Drive, London SE16",1 bed flat to rent,https://www.zoopla.co.uk/to-rent/details/44280720,"£1,192 pcm",,14th Dec 2018,Furnished,"This beautiful very well-presented one double bedroomed apartment is situated on the third floor (Top ) in this small very well kept modern development. Bright and airy with neutral decor throughout and designated parking space. This lovely apartment is set within the much sort-after South Bermondsey area, just moments from the station. This beautiful development is located on a a quiet residential street.Offering well proportioned rooms, recently redecorated with a modern open plan kitchen reception room, stylish bathroom and good sized bedroom.South Bermondsey station is a few minutes walkaway and Bermondsey Station (Jubilee Line) is also accessible, both offering direct links to London Bridge, Canary Wharf and beyond .There are also excellent and frequent buses offering options both in and out of central London.Locally you have various shops and large supermarkets on your doorstep.",-0.059072,51.488458,19/12/2018,19/12/2018,,,,,,,0.2 miles,0.6 miles,
64,49479064,"Spenlow House, Jamaica Road, London SE16",1 bed flat to rent,https://www.zoopla.co.uk/to-rent/details/49479064,"£1,352 pcm",,29th Oct 2018,Furnished,"Detailed DescriptionAvailable now is this fantastic one bedroom flat offers bright and well-presented interiors throughout and benefits from an excellent location in Bermondsey.The property comprises of a double room, bathroom, separated lounge with balcony and separated kitchen,The flat benefits from a superb central location in the heart of Bermondsey and close proximity to the great range of amenities of Jamaica Road, while Bermondsey station is on the other side of the road.Call us now to book your viewing",-0.064452,51.498493,19/12/2018,19/12/2018,0.1 miles,,,,,,,,0.5 miles
65,45603640,"Law Street, London SE1",2 bed flat to rent,https://www.zoopla.co.uk/to-rent/details/45603640,"£1,603 pcm",premium-listing,,,"This recently refurbished two double bed roomed apartment is located in the heart of Borough. Located on the second floor of this small and very well maintained ex-local authority building.Boasting a stylish interior with wooden floors throughout, modern fitted kitchen diner, two generous sized double bedrooms and contemporary bathroom with walk in shower.For transport Borough tube station ( Northern line)is moments away and London Bridge Train and Tube station (Jubilee, Northern line and overground), as well as the ever vibrant Borough Market and Bermondesy Street are all within easy walking distance.",-0.086872,51.497395,19/12/2018,19/12/2018,,0.4 miles,,0.5 miles,,,,,
66,49467974,"Antonine Heights, City Walk, London Bridge SE1",1 bed flat to rent,https://www.zoopla.co.uk/to-rent/details/49467974,"£1,690 pcm",,18th Dec 2018,Furnished,"Key features:Antonine HeightsLondon Bridge516 Sq ftOne Double BedroomSecond Floor ApartmentBalconySecure Parking Fantastic LocationFull description:Stunning 516 st ft second floor apartment situated within this sought after purpose built new development Antonine Heights loacted momnets from fashionalble Bermondsey Street, the famous Borugh Market and London Bridge mainline/underground stationsThis spacious one bedroom second floor well presented apartment comprises entrance hall with storage cupboard, open plan living/dining room with access to generous balcony, separate kitchen with fitted units and integrated appliances, double bedroom and bathroom with contemporary white suite. Benefits include lift and an allocated secure parking space. Viewing is highly recommended in order to appreciate the internal condition and location of this stylish apartment. Sole agent",-0.084151,51.499087,19/12/2018,19/12/2018,,0.4 miles,,0.4 miles,,,,,
67,42983825,"Elim Estate, Weston Street, London SE1",1 bed flat to rent,https://www.zoopla.co.uk/to-rent/details/42983825,"£1,387 pcm",,6th Dec 2018,,"Located in the heart of London Bridge this impressive one bedroomed apartment is situated moments from Bermondsey Streeet and Borough Market. Neutral decor throughout and wooden floors. This property comprises of one large bedroom, separate kitchen and fully tiled bathroom and massive living room.This beautiful property is perfect for professionals or students.London Bridge station and Borough Station are minutes away.",-0.085224,51.498232,19/12/2018,19/12/2018,,0.4 miles,,0.5 miles,,,,,
68,46921339,"Tabard Street, London SE1",2 bed flat to rent,https://www.zoopla.co.uk/to-rent/details/46921339,"£1,517 pcm",,18th Dec 2018,Part furnished,"Superbly located and situated on the first floor of this very well kept ex-local authority building.Neutral decor throughout and wooden floors. This property comprises of two well proportioned bedrooms, separate kitchen, modern bathroom and delightful balcony.For Transport London Bridge Station and Borough Station are moments away.The green open spaces of Tabard Gardens and the bars and restaurants of Bermondsey Street and Tower Bridge Road are also close by.",-0.087339,51.496585,19/12/2018,19/12/2018,,0.4 miles,0.6 miles,,,,,,
69,45600636,"Chartes House, Steven Street Off Abbey Street SE1",1 bed flat to rent,https://www.zoopla.co.uk/to-rent/details/45600636,"£1,300 pcm",,30th Nov 2018,Part furnished,"Prime location been off Tower Bridge zone 1. This lovely good sized ground floor flat has a double bedroom separate Lounge & Open plan Kitchen with Bath & Shower along with double glazed windows. The property is 12 mins walk to London Bridge Station & offers permit parking. Chartes Houses is very close and convenient to local shops, bars, banks and restaurants not forgetting the luxury Shad Thames Bars & Restaurants. The Property is also nicely located for Buses to & from Central London including Night Buses back from Central London. If you fancy an exciting walk try walking along Tower Bridge itself with its amazing River Thames views.NoticeAll photographs are provided for guidance only.",-0.079219,51.49781,19/12/2018,19/12/2018,,0.7 miles,,0.6 miles,,,,,
70,49364761,"Albany Road, London SE5",2 bed flat to rent,https://www.zoopla.co.uk/to-rent/details/49364761,"£1,499 pcm",,15th Nov 2018,Unfurnished,"Top floor apartment in a private development with a secure bike storage. Comprising two bedrooms, two bathrooms, fitted kitchen, and living room with Juliet Balcony overlooking Burgess Park. The flat benefits from storage cupboards and access to the loft space. To the rear there is off street resident parking, for which you have one permanent pass and one guest parking pass. Elephant and Castle (Zone 1) station is just over a mile away and there are many frequent buses to central buses, with a stop just 200 yards from the flat. Call now to book a viewingLoungeKitchenEnsuiteMaster BedroomBedroom TwoMain BathroomBedroom Two Alt",-0.077343,51.487617,19/12/2018,19/12/2018,0.9 miles,,,,,,1.0 mile,,
71,49311949,"St James Road, Bermondsey SE1",2 bed flat to rent,https://www.zoopla.co.uk/to-rent/details/49311949,"£1,517 pcm",,1st Nov 2018,Furnished or unfurnished,"A selection of brand new two bedroom apartments set within a purpose built development near Bermondsey station.The property has undergone complete refurbishment throughout and boasts an open plan living room with a modern fully fitted kitchen, two good size bedrooms, a luxury modern shower suite and parking.The property is close to all the local amenities of the Old Kent Road and has excellent transport links into Central London.",-0.066102,51.48638,19/12/2018,19/12/2018,0.8 miles,,,,,,0.5 miles,,
72,49302516,"St James Road, Bermondsey SE1",1 bed flat to rent,https://www.zoopla.co.uk/to-rent/details/49302516,"£1,170 pcm",,1st Nov 2018,Furnished or unfurnished,"A selection of brand new one bedroom apartments set within a purpose built development near Bermondsey station.The property has undergone complete refurbishment throughout and boasts an open plan living room with a modern fully fitted kitchen, a good size bedroom, a luxury modern shower suite and parking.The property is close to all the local amenities of the Old Kent Road and has excellent transport links into Central London.",-0.066102,51.48638,19/12/2018,19/12/2018,0.8 miles,,,,,,0.5 miles,,
73,49267264,"Kipling Estate, London SE1",2 bed flat to rent,https://www.zoopla.co.uk/to-rent/details/49267264,"£1,733 pcm",,5th Oct 2018,,"Re/max presents this lovely 2 bedroom apartment near London Bridge SE1. This 4th floor apartment comprises 2 double bedrooms, large reception room with private balcony, modern eat-in kitchen, bathroom and separate toilet. Carpets throughout, benefits from gas central heating and double glazing.Superbly located in the heart of SE1, walking distance to London bridge, Borough market and Bermondsey street. Excellent transport links and plenty of cafe, bars and restaurant.Available now.Please contact the office for viewings",-0.085811,51.500723,19/12/2018,19/12/2018,,0.3 miles,,0.3 miles,,,,,
74,49243127,SE16,1 bed flat to rent,https://www.zoopla.co.uk/to-rent/details/49243127,"£1,625 pcm",,15th Oct 2018,Furnished,"This contemporary, bright and airy, one bedroomed apartment is located in this stunning modern development. Larger than average and boasting a extremely high and contemporary finish. Wooden floors throughout, luxury fully tiled bathroom, stylish open plan reception room with fully fitted high specification kitchen, charming communal gardens and secure private parking.For transport, Bermondsey tube Station (Jubilee Line) is minutes away with directs links to Canary wharf, London Bridge, Waterloo and the West End.(Includes private parking).",-0.071525,51.495786,19/12/2018,19/12/2018,0.4 miles,,,,,,,,0.8 miles
75,49179429,"Chaucer Drive, London SE1",1 bed flat to rent,https://www.zoopla.co.uk/to-rent/details/49179429,"£1,196 pcm",,7th Nov 2019,Part furnished,"Chaucer Drive SE1. This spacious one bedroom property is set within a popular private development a short distance from Grange Road. Located within a secure block the property offers good living space throughout and fully furnished. There are many amenities locally such as the Tesco's Extra across the road and great transport links surround the area such as the Cycle Superhighway, local bus routes and Bermondsey underground station being close by! Don't miss out, call our lettings team to arrange a viewing on",-0.074016,51.489307,19/12/2018,19/12/2018,0.8 miles,,,,,,0.8 miles,,
76,45052952,"Chaucer Drive, London SE1",1 bed flat to rent,https://www.zoopla.co.uk/to-rent/details/45052952,"£1,248 pcm",,10th Nov 2018,Furnished,Set within a popular private development a short distance from Grange Road is this charming one bedroom first floor flat. Offering good living space throughout and fully furnished. Call to arrange a viewing on .,-0.074016,51.489307,19/12/2018,19/12/2018,0.8 miles,,,,,,0.8 miles,,
77,49140232,"St Saviours Estate, London Bridge SE1",2 bed flat to rent,https://www.zoopla.co.uk/to-rent/details/49140232,"£1,690 pcm",,,,"Long let. This spacious two bedroom top-floor flat boasts a large reception room with space-to-dine, well equipped fitted kitchen, lovely private balcony and a fantastic location close to London Bridge.St Saviours Estate is well situated close to the riverside amenities of Tower Bridge and the South Bank with Shad Thames offering a superb selection of restaurants and bars as well as being within easy reach of London Bridge Station.",-0.077549,51.497432,19/12/2018,19/12/2018,0.6 miles,,,0.6 miles,,,,,
78,49045078,"Fulmar House, London SE16",1 bed flat to rent,https://www.zoopla.co.uk/to-rent/details/49045078,£900 pcm,,19th Dec 2018,Furnished,"Property Reference: 338323.Lovely spacious 1-bed flat situated in a central location in the residential area in canada water/surrey quays neighbourhood.Living room w/bookcase, desk and shelving, dining table, 4 chairs, three-seat sofa, curtains, laminate flooring and carpetBedroom w/built-in wardrobe and two standalone wardrobes, full-size double bed, full-length mirror, curtains, carpeted flooring.Magnet kitchen w/gas hob, electric oven, microware, zanussi fridge-freezer and zanussi washer-drier.Bathroom w/3-piece suit with bath and overhead showerExcellent transport links day and night--tube, overground, serveral bus routes, a minute walk from surrey quays station and approx 5 mins walk from canada waterSummary & Exclusions:- Rent Amount: £900.00 per month (£207.69 per week)- Deposit / Bond: £1,300.00- 1 Bedrooms- 1 Bathrooms- Property comes furnished- Available to move in from 19 December, 2018- Minimum tenancy term is 3 months- Maximum number of tenants is 2- No DSS / Housing Benefit Applicants- Students welcome to enquire- No Pets, sorry- Smokers considered- Family Friendly- Bills not included- No Parking Available- No Garden Access- EPC Rating: C If calling, please quote reference: 338323 Fees:You will not be charged any admin fees.Referencing for tenants only costs £20 each, if requested by the landlord for this property.** Contact today to book a viewing and have the landlord show you round! **Request Details form responded to 24/7, with phone bookings available 9am-9pm, 7 days a week.OpenRent endeavours to make all property particulars as accurate and reliable as possible, however if you require any further clarification or information please contact us. When applying for a tenancy using the Rent Now process, you will be required to pay one month's rent and any deposit before moving in. This will be paid to OpenRent and released to the landlord once you have moved in. With OpenRent there are no administration fees to pay, although you may need to pay £20 per tenant to cover the cost of referencing if required by the landlord.",-0.044849,51.49262,19/12/2018,19/12/2018,,,,,,,,0.1 miles,
79,48956302,"Plough Way, London, Greater London SE16",2 bed flat to rent,https://www.zoopla.co.uk/to-rent/details/48956302,"£1,582 pcm",,20th Sep 2018,,"Newly Refurbished spacious 2/3 bedroom flat ideally situated close to an abundance of transport links and local amenities.Large lounge rooms (which can be use as 3rd bedroom) and 2 double bedroom and modern separated fully fitted kitchen, carpet throughout.Further benefits include carpet flooring, central heating, double glazing.",-0.0436,51.492194,19/12/2018,19/12/2018,,,,,,,,0.2 miles,
80,48951362,"Rossetti Road, London SE16",2 bed flat to rent,https://www.zoopla.co.uk/to-rent/details/48951362,"£1,582 pcm",,24th Sep 2018,Unfurnished,"Detailed DescriptionAvailable from 24th September is this two bedroom one bathroom apartment located on the ground floor with a well proportioned bedroom, second double bedroom, spacious living room and fully fitted kitchen.The well maintained block is conveniently located for South Bermondsey overground and Bermondsey tube which offers quick access to the City and Canary Wharf and also the amenities of Surrey Quays and Southwark Park. Tower Bridge is just a 25 minute walk away.Call now to book your appoitment on",-0.061115,51.488501,19/12/2018,19/12/2018,,,,,,,0.3 miles,0.6 miles,
81,3503492,"Long Lane, London SE1",1 bed flat to rent,https://www.zoopla.co.uk/to-rent/details/3503492,"£1,712 pcm",,20th May 2017,Furnished,"Davis and Gibbs are pleased to bring to the market this stunning double bedroom luxury apartment. The property is located just a short walk to London Bridge Station or Borough tube. Offers an excellent size double bedroom big luxury bathroom, fully fitted modern kitchen, lots of storage, lovely lounge. The property is perfect for professional sharers and available to view now. Call today to arrange a viewing. Lounge (Reception)BathroomBedroomKitchen",-0.08458,51.498455,19/12/2018,19/12/2018,,0.4 miles,,0.5 miles,,,,,
82,30362023,"Elephant Lane, Rotherhithe SE16",1 bed flat to rent,https://www.zoopla.co.uk/to-rent/details/30362023,"£1,400 pcm",,1st Dec 2018,Furnished,"Housing Benefit Tenants: NoOwner's Position on Pets: NoneMy-Let reference for enquiries: 2220G9Making EnquiriesComplete the form or call us on the number on this page (no need for both). Once you've completed the form, we'll email you straight back or if calling, quote our property reference, 2220G9 along with the full address, including the area.1 Bed Flat in Historic, Riverside Area of RotherhitheThis cool, furnished, 1st floor flat is in a quiet backwater of residential Rotherhithe. Triple glazed windows and patio doors. Washing machine, fridge, dishwasher, electric radiators, underfloor heating to bathroom/shower-room...All with plenty of storage.The flat is situated just 50m from The River Thames, with balcony views over-looking the lovely local park and just 5 mins stroll along the river to the historic Mayflower pub.The flat has it`s own private parking and is 5 mins walk to local underground stations with direct links into The City and Central LondonDimensionsBedroom 2.7m x 2.7mBathroom 1.8m x 1.8mEntrance Hallway 1.6m x 1.8mLiving room 4.3m x 4.1mKitchen 3.59mApplication FeesNo Tenant FeesDeposit: £1,700Making EnquiriesComplete the form or call us on the number on this page (no need for both). Once you've completed the form, we'll email you straight back or if calling, quote our property reference, 2220G9 along with the full address, including the area.",-0.055832,51.500608,19/12/2018,19/12/2018,,,,,,0.2 miles,,,
83,48853758,"Long Lane, London Bridge SE1",1 bed flat to rent,https://www.zoopla.co.uk/to-rent/details/48853758,"£1,733 pcm",,8th Sep 2018,Furnished or unfurnished,"A stunning one bedroom modern apartment situated on the 5th floor of this popular development conveniently located for London Bridge, Borough stations and nearbyBermondsey Street and Bermondsey Square with their vast array of bars and restaurants.The apartment boasts a spacious reception room leading to a private balcony, a fully integrated kitchen with modern appliances, one good size double bedroom and a three piece bathroom suite.Further benefits include, wood floors, private parking and a private balcony and storage.The property is Offered fully furnished and is available now!",-0.084507,51.499182,19/12/2018,19/12/2018,,0.4 miles,,0.4 miles,,,,,
84,44363265,"Lower Road, Surrey Quays SE16",1 bed flat to rent,https://www.zoopla.co.uk/to-rent/details/44363265,"£1,668 pcm",,11th Dec 2018,Furnished,A lovely brand new 2 bedroom refurbished flat new on the market in the heart of Surrey Quays and only a 2 minute walk to Surrey Quays Shopping Centre and a 5 minute walk to Canada Water Station. This property has a spacious modern kitchen with a lovely terrace outside perfect for any occasion. Newly installed shower and a elegant bathroom with tiles. Good sized 2 bedrooms with wooden flooring and gas central heating throughout the property this is a must see!NoticeAll photographs are provided for guidance only.,-0.046801,51.492787,19/12/2018,19/12/2018,,,,,,,,0.1 miles,
85,48704345,"Rotherhithe New Road, London SE16",3 bed flat to rent,https://www.zoopla.co.uk/to-rent/details/48704345,"£1,668 pcm",,5th Jan 2019,Furnished,"The Champs are pleased to offer wonderfull cozy three bedroom one bathroom flat in Surrey Quays. The flat has to offer spacious fully furnished double rooms with plenty of natural sunlight. Seperate fully fitted kitchen with all the white goods in place. The living room has been converted into a third room which is handy for students or multiple occupancy. The flat is located within five minutes walk to Surrey Quays overground station that easily connects to Central London, City or Canary Wharf area. There are also plenty of local amenities around such as Surrey Quays Shopping Centre, Post Office, Banks, Barber Shops, Sport Complex and massive Southwark Park. Please call or send us an email to arrange a viewings",-0.048158,51.491713,19/12/2018,19/12/2018,,,,,,,,0.1 miles,
86,44355216,"434 Old Kent Road, London SE1",2 bed flat to rent,https://www.zoopla.co.uk/to-rent/details/44355216,"£1,573 pcm",,4th Sep 2018,,"SummaryStunning Two Bedroom split level apartment offered with the benefit of two private balconies and versatile living space. The development also offers access to the secure communal courtyard area and the secure bike storage area.DescriptionMilestone House is an attractive new development housing a selection of 1 & 2 bedroom properties located off the Old Kent Road conveniently surrounded by local supermarkets, bars and restaurants. The excellent transport links near by will get you into the city in under 30 minutes.The apartment is split over two levels and consists of a large open plan lounge/kitchen with high end integrated appliances, a modern three piece family bathroom suite, two good sized double bedrooms and access to three private balconies. Inside the development you will also have access to a communal courtyard with children's play area and secure push bike storage.As part of our application process, fees will become due for referencing, tenancy agreement administration and an inventory check, these will be charged in addition to the Rent and Deposit that will be payable before the tenancy starts.Please contact our Branch for full details of the fees payable before you make any decision about this property or before you decide to view this property. Our Branch staff can provide you with an explanation of how these fees are calculated, please note that the referencing fees are charged per individual and should a Guarantor be required, this would attract additional referencing fees.While every reasonable effort is made to ensure the accuracy of descriptions and content, we should make you aware of the following guidance or limitations.  (1) money laundering regulations – prospective tenants will be asked to produce identification documentation during the referencing process and we would ask for your co-operation in order that there will be no delay in agreeing a tenancy. (2) These particulars do not constitute part or all of an offer or contract. (3) The text, photographs and plans are for guidance only and are not necessarily comprehensive. (4) Measurements: These approximate room sizes are only intended as general guidance. You must verify the dimensions carefully to satisfy yourself of their accuracy. (5) You should make your own enquiries regarding the property, particularly in respect of furnishings to be included/excluded and what parking facilities are available. (6) Before you enter into any tenancy for one of the advertised properties, the condition and contents of the property will normally be set out in a tenancy agreement and inventory. Please make sure you carefully read and agree with the tenancy agreement and any inventory provided before signing these documents.",-0.07149,51.485687,19/12/2018,19/12/2018,0.9 miles,,,,,,0.7 miles,,
87,44987306,"Old Kent Road, London SE1",1 bed flat to rent,https://www.zoopla.co.uk/to-rent/details/44987306,"£1,447 pcm",,11th Aug 2018,Unfurnished,"SummaryMilestone House is an attractive new development housing a selection of 1 & 2 bedroom properties located off the Old Kent Road conveniently surrounded by local supermarkets, bars and restaurants. The excellent transport links near by will get you into the city in under 30 minutes.The apartment is split over two levels and consists of a large open plan lounge/kitchen with high end integrated appliances, a modern three piece family bathroom suite, good sized double bedroom and access to private balconies. Inside the development you will also have access to a communal courtyard with children's play area and secure push bike storage.DescriptionMilestone House is an attractive new development housing a selection of 1 & 2 bedroom properties located off the Old Kent Road conveniently surrounded by local supermarkets, bars and restaurants. The excellent transport links near by will get you into the city in under 30 minutes.The apartment is split over two levels and consists of a large open plan lounge/kitchen with high end integrated appliances, a modern three piece family bathroom suite, good sized double bedroom and access to private balconies. Inside the development you will also have access to a communal courtyard with children's play area and secure push bike storage.As part of our application process, fees will become due for referencing, tenancy agreement administration and an inventory check, these will be charged in addition to the Rent and Deposit that will be payable before the tenancy starts.Please contact our Branch for full details of the fees payable before you make any decision about this property or before you decide to view this property. Our Branch staff can provide you with an explanation of how these fees are calculated, please note that the referencing fees are charged per individual and should a Guarantor be required, this would attract additional referencing fees.While every reasonable effort is made to ensure the accuracy of descriptions and content, we should make you aware of the following guidance or limitations.  (1) money laundering regulations – prospective tenants will be asked to produce identification documentation during the referencing process and we would ask for your co-operation in order that there will be no delay in agreeing a tenancy. (2) These particulars do not constitute part or all of an offer or contract. (3) The text, photographs and plans are for guidance only and are not necessarily comprehensive. (4) Measurements: These approximate room sizes are only intended as general guidance. You must verify the dimensions carefully to satisfy yourself of their accuracy. (5) You should make your own enquiries regarding the property, particularly in respect of furnishings to be included/excluded and what parking facilities are available. (6) Before you enter into any tenancy for one of the advertised properties, the condition and contents of the property will normally be set out in a tenancy agreement and inventory. Please make sure you carefully read and agree with the tenancy agreement and any inventory provided before signing these documents.",-0.07149,51.485687,19/12/2018,19/12/2018,0.9 miles,,,,,,0.7 miles,,
88,4732463,"Trocette Mansions, Bermondsey Street, London SE1",2 bed flat to rent,https://www.zoopla.co.uk/to-rent/details/4732463,"£1,733 pcm",,6th Nov 2018,Furnished,"Key features:Two Double Bedrooms Large Reception Room Fantastic Location FurnishedFull description:Fantastic spacious modern apartment located within fashionable Bermondsey Street, moments from London Bridge for mainline/underground stations, Bermondsey Square with its art house cinema, cafes and antiques market and Tower Bridge for access into the City.This recently refurbished apartment is available furnished and comprises entrance hall with storage, spacious living/dining room, separate fitted kitchen with integrated appliances and work surfaces, master bedroom, double guest bedroom two and bathroom. The apartment is located within a secure gated development with allocated parking and is considered ideal for convenient access to the City via Tower Bridge, London Bridge underground/mainline stations and Bermondsey Square.",-0.082124,51.496904,19/12/2018,19/12/2018,,0.6 miles,,0.6 miles,,,,,
89,48311843,"Law Street, London, Greater London SE1",1 bed flat to rent,https://www.zoopla.co.uk/to-rent/details/48311843,"£1,560 pcm",,2nd Aug 2018,Furnished,"Residential Realtors is delighted to market this 1 Apartment in a wonderful location, situated in London SE14EA, offering amazing comfortable living and convenience with simplicity. The Apartment is presented in outstanding condition and fitted with all the basic facilities including: Close to public transport, Fitted Kitchen, Fully Furnished, Shops and amenities nearby.",-0.087139,51.497211,19/12/2018,19/12/2018,,0.4 miles,,0.6 miles,,,,,
90,47853437,"Oxley Close, Bermondsey SE1",2 bed flat to rent,https://www.zoopla.co.uk/to-rent/details/47853437,"£1,560 pcm",,1st Aug 2018,Furnished or unfurnished,"A fantastic spacious two double bedroom flat in a popular purpose built development in SE1.The property comprises of a large living area with plenty of light, separate fully fitted modern kitchen, two double bedrooms with ample storage and a three piece bathroom suite.Oxley Close enjoys an excellent location just moments from a Tesco superstore, 24hr Asda and various other amenities offered on Old Kent Road while the wide open green spaces of Burgess Park are also easily accessible.",-0.072762,51.488999,19/12/2018,19/12/2018,0.7 miles,,,,,,0.8 miles,,
91,44029083,"Albany Road, London SE5",2 bed flat to rent,https://www.zoopla.co.uk/to-rent/details/44029083,"£1,517 pcm",,,Furnished,"Beresford Residential are delighted to offer this modern and spacious, two bedroom apartment which is situated on the ground floor of this new build development. Located next to Burgess Park this property is well situated for quick and easy access to the city and walking distance to Kennington, Elephant and Castle and South Bermondsey. The apartment consists of two bedrooms, a spacious living room, a separate kitchen and a three piece bathroom. The property also comes with private allocated off street parking.",-0.077343,51.487617,19/12/2018,19/12/2018,0.9 miles,,,,,,1.0 mile,,
92,47510568,"Crosby Row, London Bridge SE1",2 bed duplex to rent,https://www.zoopla.co.uk/to-rent/details/47510568,"£1,733 pcm",,12th Jul 2018,Furnished or unfurnished,"A spacious two double bedroom recently refurbished split level apartment within minutes walk of either London Bridge or Borough station.The property offers 2 double bedrooms, spacious open plan living area with a fitted kitchen, bathroom with bath & shower attachment, double glazing and gas central heating.",-0.088637,51.501363,19/12/2018,19/12/2018,,0.2 miles,,0.3 miles,,,,,
93,47130451,"Towerbridge Rd, Bermondsey SE1",2 bed maisonette to rent,https://www.zoopla.co.uk/to-rent/details/47130451,"£1,694 pcm",,29th Mar 2018,Unfurnished,Large 2 bedroomed maisonette SE1 4TP only £1695Two Bedroom ApartmentSplit LevelLarge Eat In KitchenStudy/Guest RoomGreat Condition ThroughoutClose To AmenitiesSeparate KitchenFurnishedAvailable April 2018Tower Bridge RoadBedroom 1: Bedroom 1: Front:,-0.082209,51.496258,19/12/2018,19/12/2018,,0.6 miles,,0.6 miles,,,,,
94,45258556,"Grange Road, London Bridge SE1",2 bed flat to rent,https://www.zoopla.co.uk/to-rent/details/45258556,"£1,647 pcm",,17th Oct 2017,Furnished,"A purpose built development on Grange Road close to Spa Road within reach of, London Bridge, Bermondsey and with excellent bus routes.The apartment offers 2 double bedrooms (1 en-suite), good sized family bathroom, fully fitted kitchen and reception. The property is close to local amenities with excellent transport links into the City. Perfect for sharers or a couple.",-0.07784,51.495656,19/12/2018,19/12/2018,0.6 miles,,,0.7 miles,,,,,
95,45005429,"Darwin Street, Borough SE17",1 bed flat to rent,https://www.zoopla.co.uk/to-rent/details/45005429,"£1,300 pcm",,16th May 2018,Furnished,"A beautifully presented one double bedroom Victorian conversion flat set on the ground floor boasting a spacious reception room, a modern fully fitted separate kitchen and a three piece bathroom suite.Further benefits include a private rear garden, wood floors, own private entrance and is offered fully furnished.The property is conveniently located on a quiet tree-lined street at the bottom of Great Dover Street, SE1 within walking distance to Borough, London Bridge and Elephant & Castle Tube/rail stations.Borough Market, Bermondsey Market, M&S, Sainsbury's and Lidl are also within a short walk.",-0.086036,51.49329,19/12/2018,19/12/2018,,0.6 miles,0.6 miles,,,,,,
96,41085886,"Mason Street, Borough SE1",1 bed flat to rent,https://www.zoopla.co.uk/to-rent/details/41085886,"£1,733 pcm",,24th Aug 2016,Furnished or unfurnished,"A beautifully presented split level one bedroom apartment set within a gated Victorian school conversion just south of Borough station.The property spans over 500 sq ft, and comprises of a large open plan kitchen/reception area, with stairs leading to a large mezzanine sleeping area and a sleek modern bathroom suite with rolltop bath.Further benefits include a large communal roof terrace with fantastic views of the Shard, ample storage and secure gated parking.",-0.08468,51.492989,19/12/2018,19/12/2018,,0.7 miles,0.6 miles,,,,,,
97,30476267,"White's Grounds, London Bridge SE1",1 bed flat to rent,https://www.zoopla.co.uk/to-rent/details/30476267,"£1,473 pcm",,1st Jun 2014,Furnished,"A beautiful one double bedroom apartment just off Bermondsey Street and London Bridge mainline stations.The flat is situated on the first floor of a contemporary building.Decent sized lounge with abundance of natural light, separate fitted kitchen, dish washer/ wash & dryer, decent sized bedroom, new bathroom.Available now!",-0.08061,51.501744,19/12/2018,19/12/2018,,0.6 miles,,0.3 miles,,,,,
98,36139849,"Old Kent Road, Bermondsey SE1",2 bed flat to rent,https://www.zoopla.co.uk/to-rent/details/36139849,"£1,517 pcm",,14th Mar 2015,Furnished or unfurnished,"A beautifully presented two bedroom top floor flat situated on the North side of the Old Kent Road (A2) near to its junction with St James’s Road and Rotherhithe New Road.The property has undergone complete refurbishment throughout and boasts a bright and airy open plan kitchen lounge with a contemporary fully fitted kitchen, two bedrooms and a luxury bathroom suite.Further benefits include wood floors, Double Glazed windows and skylights.Public transport links include South Bermondsey rail station together with a network of local bus services serving the surrounding area.",-0.067597,51.484768,19/12/2018,19/12/2018,,,,,0.9 miles,,0.6 miles,,
99,39237336,"Varcoe Road, South Bermondsey SE16",1 bed flat to rent,https://www.zoopla.co.uk/to-rent/details/39237336,"£1,473 pcm",,22nd May 2018,Furnished or unfurnished,"A beautifully presented top floor one double bedroom flat set within a gated development in South Bermondsey, SE16.Located within a few minutes walk of South Bermondsey train station, the property comprises of: Spacious double bedroom, open plan reception room with a fitted kitchen, three piece bathroom suite, private terrace with stunning views of the city, storage, double glazing, gas central heating and a communal garden.",-0.057711,51.485226,19/12/2018,19/12/2018,,,,,,,0.2 miles,0.7 miles,
100,39426001,"Kipling Street, Borough SE1",1 bed flat to rent,https://www.zoopla.co.uk/to-rent/details/39426001,"£1,560 pcm",,1st Mar 2016,Furnished,"A modern bright and spacious one bedroom first floor flat set within a low rise block minutes from both Borough and London Bridge stations.The property comprises of a spacious reception room, a separate modern fully fitted kitchen, double bedroom and a shower suite.Having undergone recent refurbishment the flat boasts wood flooring throughout, double glazing and is offered in good decorative order.The property is a available furnished and is located within a quiet residential road moments from Borough market, Bermondsey Street and the London Bridge amenities.",-0.087583,51.500716,19/12/2018,19/12/2018,,0.3 miles,,0.3 miles,,,,,
101,44335614,"Old Kent Road, Bermondsey SE1",2 bed flat to rent,https://www.zoopla.co.uk/to-rent/details/44335614,"£1,517 pcm",,28th Jun 2018,Furnished,"A beautifully presented two bedroom top floor flat situated on the North side of the Old Kent Road (A2) near to its junction with St James’s Road and Rotherhithe New Road.The property has undergone complete refurbishment throughout and boasts a bright and airy open plan kitchen lounge with a contemporary fully fitted kitchen, two bedrooms and a luxury bathroom suite.Further benefits include wood floors, double glazing and skylights.Public transport links include South Bermondsey rail station together with a network of local bus services serving the surrounding area.",-0.067597,51.484768,19/12/2018,19/12/2018,,,,,0.9 miles,,0.6 miles,,
102,44164823,"Fort Road, Bermondsey SE1",1 bed flat to rent,https://www.zoopla.co.uk/to-rent/details/44164823,"£1,387 pcm",,11th Aug 2018,Furnished,"Recently refurbished one bedroom flat located on the 1st floor of a small purpose built block in Bermondsey SE1.The property comprises of a reception room, separate modern fitted kitchen, double bedroom with built in wardrobe and a three piece tiled bathroom suite.Further benefits include good storage, double glazing, gas central heating and wooden floors throughout.The property also enjoys an excellent location with ample transport links into Central London and just moments from a Tesco superstore, 24hr Asda as well as the various other amenities offered on Old Kent Road while the wide open green spaces of Burgess Park are also easily accessible.",-0.072783,51.490546,19/12/2018,19/12/2018,0.7 miles,,,,,,0.8 miles,,
103,43289958,"Burnham Close, London SE1",1 bed terraced house to rent,https://www.zoopla.co.uk/to-rent/details/43289958,"£1,192 pcm",,3rd Mar 2017,Furnished,"Residential Realtors is delighted to market this 1 bed Apartment in a wonderful location, situated in London SE1, offering amazing comfortable living and convenience with simplicity. The Apartment is presented in outstanding condition and fitted with all the basic facilities including: Close to public transport, Fitted Kitchen, Open Plan Kitchen/Living room, Parking, Shops and amenities nearby.",-0.072741,51.489826,19/12/2018,19/12/2018,0.7 miles,,,,,,0.8 miles,,
104,43189679,"Grange Road, London Bridge SE1",2 bed flat to rent,https://www.zoopla.co.uk/to-rent/details/43189679,"£1,712 pcm",,16th Mar 2017,Furnished or unfurnished,"A purpose built development on Grange Road close to Spa Road within reach of, London Bridge, Bermondsey and with excellent bus routes.The apartment offers 2 double bedrooms (1 en-suite), good sized family bathroom, fully fitted kitchen and reception. The property is close to local amenities with excellent transport links into the City. Perfect for sharers or a couple.",-0.07784,51.495656,19/12/2018,19/12/2018,0.6 miles,,,0.7 miles,,,,,
105,42804726,"Whitegrounds, London Bridge SE1",2 bed flat to rent,https://www.zoopla.co.uk/to-rent/details/42804726,"£1,733 pcm",,1st Feb 2017,Furnished or unfurnished,"A fantastic 2 bed split level property located in the heart of London Bridge SE1.The property comprises of a spacious open plan kitchen lounge, two double bedrooms and a three piece bathroom suite.Further benefits include wood floors and is available now!",-0.080993,51.501895,19/12/2018,19/12/2018,,0.5 miles,,0.3 miles,,,,,
106,41577793,"Trinity Church Square, Borough SE1",1 bed flat to rent,https://www.zoopla.co.uk/to-rent/details/41577793,"£1,647 pcm",,28th Feb 2017,Furnished or unfurnished,"A recently refurbished one bedroom apartment within a beautiful Georgian building moments to Borough Station.The apartment benefits from an entrance hall with entry phone system, a large open plan reception room with original sach windows, integrated kitchen including large fridge/freezer, dishwasher, washing machine and granite worktops. The bathroom has been tastefully refurbished and offers a shower over bath and lastly a double bedroom with fitted wardrobes and East facing window.Offered furnished or unfurnished and available now.",-0.093269,51.499118,19/12/2018,19/12/2018,,0.1 miles,0.4 miles,,,,,,
107,36170096,"Long Lane, London Bridge SE1",1 bed flat to rent,https://www.zoopla.co.uk/to-rent/details/36170096,"£1,712 pcm",,1st Mar 2017,Furnished or unfurnished,"A stylish one bedroom apartment ideally located within walking distance to both London Bridge and Borough mainline stations.The property comprises of an open plan living/dining area with an integrated kitchen with all appliances, a large double bedroom and a luxury three piece bathroom suite. Further benefits include a private terrace, communal landscaped gardens, video entryphone security system and secure underground parking which is available at an additional cost.",-0.084507,51.499182,19/12/2018,19/12/2018,,0.4 miles,,0.4 miles,,,,,
