,listing_id,address,no_rooms,price,property_types,property_link,reduced/added,date_reduced/added,no_pictures,latitude,longitude,agent_name,agent_number,most_recent_scrape_date,initial_scrape_date
0,70228570,"Stubbs Drive, South Bermondsey, SE16",2,"£350,000", flat,https://www.rightmove.co.uk//property-for-sale/property-70228570.html,Added ,2019-02-21 00:00:00,5,51.488241,-0.059255,"Foxtons, London Bridge",020 8012 6757,22/02/2019,22-02-2019
1,69215737,"Great Suffolk Street, Borough, SE1",1,"£460,000", flat,https://www.rightmove.co.uk//property-for-sale/property-69215737.html,Reduced ,2019-02-21 00:00:00,13,51.501119,-0.098831,"Foxtons, London Bridge",020 8012 6757,22/02/2019,21/02/2019
2,69681757,"Mandeville House, Bermondsey SE1",3,"£375,000", maisonett,https://www.rightmove.co.uk//property-for-sale/property-69681757.html,Reduced ,2019-02-21 00:00:00,7,51.488626,-0.072841,"Alex Neil Estate Agents, South East London - Sales",020 8012 0319,22/02/2019,21/02/2019
3,79549748,"Concorde Way, London, SE16",1,"£360,000", flat,https://www.rightmove.co.uk//property-for-sale/property-79549748.html,Added ,2019-02-21 00:00:00,8,51.490291,-0.046939,"Kallars, London",020 8012 6994,22/02/2019,21-02-2019
4,75545393,"Henley Drive, London, SE1",1,"£340,000", flat,https://www.rightmove.co.uk//property-for-sale/property-75545393.html,Reduced ,2019-02-20 00:00:00,9,51.493896,-0.073088,"Stirling Ackroyd, London Bridge",020 8012 2405,22/02/2019,21/02/2019
5,59423931,"Stubbs Drive, Bermondsey",1,"£285,000", flat,https://www.rightmove.co.uk//property-for-sale/property-59423931.html,Reduced ,2019-02-20 00:00:00,13,51.48769,-0.06075,"Kinleigh Folkard & Hayward - Sales, Canada Water",020 8012 2766,22/02/2019,21/02/2019
6,60422916,"Brodie House, Bermondsey SE1",3,"£350,000", duplex,https://www.rightmove.co.uk//property-for-sale/property-60422916.html,Added ,2019-02-20 00:00:00,2,51.487969,-0.073389,"Alex Neil Estate Agents, South East London - Sales",020 8012 0319,22/02/2019,21/02/2019
7,54725169,"Old Kent Road, Borough",3,"£450,000", flat,https://www.rightmove.co.uk//property-for-sale/property-54725169.html,Reduced ,2019-02-20 00:00:00,6,51.49154,-0.08147,"Kinleigh Folkard & Hayward - Sales, London Bridge",020 8012 2031,22/02/2019,21/02/2019
8,56764827,"118 Southwark Bridge Road, Borough, SE1",1,"£500,000", apartment,https://www.rightmove.co.uk//property-for-sale/property-56764827.html,Reduced ,2019-02-19 00:00:00,9,51.501333,-0.098619,"Purplebricks, covering London",0121 396 0233,22/02/2019,21/02/2019
9,60363642,"Neckinger Estate, London, SE16",2,"£415,000", flat,https://www.rightmove.co.uk//property-for-sale/property-60363642.html,Added ,2019-02-19 00:00:00,10,51.497324,-0.073175,"Purplebricks, covering London",0121 396 0233,22/02/2019,21/02/2019
10,67482400,"Marine Street, Rotherhithe",2,"£495,000", flat,https://www.rightmove.co.uk//property-for-sale/property-67482400.html,Reduced ,2019-02-18 00:00:00,7,51.497108,-0.069675,"Dexters, London Bridge",020 7650 5100,22/02/2019,21/02/2019
11,57591213,"George Row, London, SE16",1,"£375,000", apartment,https://www.rightmove.co.uk//property-for-sale/property-57591213.html,Reduced ,2019-02-18 00:00:00,12,51.500777,-0.06853,"Purplebricks, covering London",0121 396 0233,22/02/2019,21/02/2019
12,56498748,"Trothy Road, Bermondsey, SE1",2,"£500,000", terraced house,https://www.rightmove.co.uk//property-for-sale/property-56498748.html,Reduced ,2019-02-18 00:00:00,14,51.491714,-0.066445,"Purplebricks, covering London",0121 396 0233,22/02/2019,21/02/2019
13,70109449,"More Copper House, 14-16 Magdalen Street, London",1,"£500,000", property,https://www.rightmove.co.uk//property-for-sale/property-70109449.html,Added ,2019-02-18 00:00:00,9,51.503708,-0.082487,"Chestertons Estate Agents , Tower Bridge",020 8012 3880,22/02/2019,21/02/2019
14,70107844,"Troon Close, Troon Close",3,"£500,000", flat,https://www.rightmove.co.uk//property-for-sale/property-70107844.html,Added ,2019-02-18 00:00:00,8,51.487271,-0.059612,"Dexters, London Bridge",020 7650 5100,22/02/2019,21/02/2019
15,60314193,"Nemus Apartments, Surrey Quays, SE8",3,"£470,000", apartment,https://www.rightmove.co.uk//property-for-sale/property-60314193.html,Added ,2019-02-16 00:00:00,14,51.4908,-0.044725,"Metro Village Ltd, Canada Water",020 8012 4828,22/02/2019,21/02/2019
16,79491086,"Archers Lodge , Bermondsey, London SE16",1,"£325,000", flat,https://www.rightmove.co.uk//property-for-sale/property-79491086.html,Added ,2019-02-16 00:00:00,5,51.48561,-0.06501,"My Online Estate Agent, National",03332 402712,22/02/2019,21/02/2019
17,59610576,"Thorburn Square, London, SE1",1,"£325,000", flat,https://www.rightmove.co.uk//property-for-sale/property-59610576.html,Reduced ,2019-02-15 00:00:00,14,51.49125,-0.069489,"Purplebricks, covering London",0121 396 0233,22/02/2019,21/02/2019
18,79481501,"Solarium Court, 105 Alscot Road, Londond, SE1",1,"£320,000", flat,https://www.rightmove.co.uk//property-for-sale/property-79481501.html,Added ,2019-02-15 00:00:00,9,51.49366,-0.074599,"Williams Lynch, London",020 8012 2590,22/02/2019,21/02/2019
19,79480355,"Landmann House, Rennie Estate , SE16 3PF",2,"£255,000", flat,https://www.rightmove.co.uk//property-for-sale/property-79480355.html,Added ,2019-02-15 00:00:00,6,51.49044,-0.05818,"Hunters, Surrey Quays",020 8012 4439,22/02/2019,21/02/2019
20,73920530,"Cadbury Way, Bermondsey, SE16",1,"£275,000", flat,https://www.rightmove.co.uk//property-for-sale/property-73920530.html,Reduced ,2019-02-15 00:00:00,9,51.49416,-0.07128,"Beresford Residential, Camberwell - Sales",020 8012 5978,22/02/2019,21/02/2019
21,59628684,"Thorburn Square, Bermondsey",2,"£400,000", flat,https://www.rightmove.co.uk//property-for-sale/property-59628684.html,Reduced ,2019-02-14 00:00:00,15,51.49117,-0.06967,"Kinleigh Folkard & Hayward - Sales, London Bridge",020 8012 2031,22/02/2019,21/02/2019
22,79466636,"St Helena Road, London, SE16 2QU",1,"£270,000", flat,https://www.rightmove.co.uk//property-for-sale/property-79466636.html,Added ,2019-02-14 00:00:00,6,51.49053,-0.04737,"Hunters, Surrey Quays",020 8012 4439,22/02/2019,21/02/2019
23,70043692,"Silwood Street, South Bermondsey",2,"£475,000", flat,https://www.rightmove.co.uk//property-for-sale/property-70043692.html,Added ,2019-02-14 00:00:00,13,51.48972,-0.05288,"Kinleigh Folkard & Hayward - Sales, Canada Water",020 8012 2766,22/02/2019,21/02/2019
24,60242208,"Monnow Road, Bermondsey SE1",1,"£349,000", flat,https://www.rightmove.co.uk//property-for-sale/property-60242208.html,Added ,2019-02-13 00:00:00,15,51.490242,-0.06797,"Urban Patchwork, London",020 8012 0562,22/02/2019,21/02/2019
25,79429511,"Varcoe Road,
London,
SE16 3DG",1,Coming Soon, apartment,https://www.rightmove.co.uk//property-for-sale/property-79429511.html,Added ,2019-02-13 00:00:00,9,51.48512,-0.05711,Pocket Living,020 8012 4882,22/02/2019,21/02/2019
26,79429139,"Varcoe Road,
London,
SE16 3DG",1,Coming Soon, apartment,https://www.rightmove.co.uk//property-for-sale/property-79429139.html,Added ,2019-02-13 00:00:00,9,51.48512,-0.05711,Pocket Living,020 8012 4882,22/02/2019,21/02/2019
27,57737700,"Millender Walk, Surrey Quays",4,"£400,000", flat,https://www.rightmove.co.uk//property-for-sale/property-57737700.html,Reduced ,2019-02-13 00:00:00,16,51.48988,-0.05172,"Kinleigh Folkard & Hayward - Sales, Canada Water",020 8012 2766,22/02/2019,21/02/2019
28,60231192,"Kellow House, Tennis Street, London, SE1",1,"£375,000", apartment,https://www.rightmove.co.uk//property-for-sale/property-60231192.html,Added ,2019-02-13 00:00:00,5,51.501911,-0.091268,"Kalmars Residential , Shad Thames",020 8012 7289,22/02/2019,21/02/2019
29,60231090,51 Silwood Street,2,"£200,000", flat,https://www.rightmove.co.uk//property-for-sale/property-60231090.html,Added ,2019-02-13 00:00:00,7,51.487571,-0.048546,"L&Q, L&Q Re Sale Membership",020 8012 0559,22/02/2019,21/02/2019
30,60194385,"286 Lynton Road, London, SE1",1,"£325,000", flat,https://www.rightmove.co.uk//property-for-sale/property-60194385.html,Added ,2019-12-02 00:00:00,8,51.48946,-0.062375,"Purplebricks, covering London",0121 396 0233,22/02/2019,21/02/2019
31,69385726,"Tower Bridge Road, London",2,"£499,000", flat,https://www.rightmove.co.uk//property-for-sale/property-69385726.html,Reduced ,2019-12-02 00:00:00,11,51.496483,-0.082761,"Chestertons Estate Agents , Tower Bridge",020 8012 3880,22/02/2019,21/02/2019
32,70004212,"Culloden Close, London SE16",3,"£495,000", semi-detached house,https://www.rightmove.co.uk//property-for-sale/property-70004212.html,Added ,2019-11-02 00:00:00,10,51.48561,-0.06501,"ludlowthompson, Canada Water",020 8012 6536,22/02/2019,21/02/2019
33,70003189,"Spa Road, Bermondsey",1,"£450,000", flat,https://www.rightmove.co.uk//property-for-sale/property-70003189.html,Added ,2019-11-02 00:00:00,8,51.495846,-0.070738,"Dexters, London Bridge",020 7650 5100,22/02/2019,21/02/2019
34,79356926,"Rossetti Road, London",2,"£375,000", flat,https://www.rightmove.co.uk//property-for-sale/property-79356926.html,Added ,2019-11-02 00:00:00,8,51.488893,-0.060897,"Chestertons Estate Agents , Tower Bridge",020 8012 3880,22/02/2019,21/02/2019
35,77791838,"Empire Square South Empire Square, London, SE1",1,"£400,000", flat,https://www.rightmove.co.uk//property-for-sale/property-77791838.html,Reduced ,2019-11-02 00:00:00,10,51.500881,-0.090992,"Reeds Rains, Kennington",020 8012 4083,22/02/2019,21/02/2019
36,59284215,"Sanctuary Street, Borough",1,"£500,000", flat,https://www.rightmove.co.uk//property-for-sale/property-59284215.html,Reduced ,2019-11-02 00:00:00,13,51.50112,-0.09519,"Kinleigh Folkard & Hayward - Sales, London Bridge",020 8012 2031,22/02/2019,21/02/2019
37,76077116,"Ivychurch Lane, London",3,"£350,000", flat,https://www.rightmove.co.uk//property-for-sale/property-76077116.html,Reduced ,2019-11-02 00:00:00,8,51.48836,-0.07846,"Barnard Marcus, Kennington",020 8012 2049,22/02/2019,21/02/2019
38,79350614,"Webster Road, London, SE16",1,"£299,950", apartment,https://www.rightmove.co.uk//property-for-sale/property-79350614.html,Added ,2019-11-02 00:00:00,5,51.49584,-0.06386,"Oppida , Surrey Quays",020 8012 5950,22/02/2019,21/02/2019
39,79349099,Grange Walk Aylwin Estate SE1,1,"£389,995", flat,https://www.rightmove.co.uk//property-for-sale/property-79349099.html,Added ,2019-11-02 00:00:00,6,51.49681,-0.07894,"Acorn, London Bridge",020 8012 2625,22/02/2019,21/02/2019
40,78394175,"Barham House, Kinglake Estate, London SE17",3,"£340,000", flat,https://www.rightmove.co.uk//property-for-sale/property-78394175.html,Reduced ,2019-08-02 00:00:00,7,51.48829,-0.08074,"ludlowthompson, Kennington Oval - Sales",020 8012 2211,22/02/2019,21/02/2019
41,78629495,"John Maurice Close, LONDON, SE17",2,"£450,000", flat,https://www.rightmove.co.uk//property-for-sale/property-78629495.html,Reduced ,2019-08-02 00:00:00,9,51.493391,-0.089823,"Williams Lynch, London",020 8012 2590,22/02/2019,21/02/2019
42,69971131,"Southwark Bridge Road, Southwark SE1",1,"£500,000", flat,https://www.rightmove.co.uk//property-for-sale/property-69971131.html,Added ,2019-08-02 00:00:00,2,51.505853,-0.094911,"Alex Neil Estate Agents, South East London - Sales",020 8012 0319,22/02/2019,21/02/2019
43,69937807,"Webster Road, Bermondsey",1,"£365,000", apartment,https://www.rightmove.co.uk//property-for-sale/property-69937807.html,Added ,2019-08-02 00:00:00,14,51.495597,-0.064776,"Oliver Jaques, Surrey Quays",020 8012 4508,22/02/2019,21/02/2019
44,70089247,"St. Saviours Estate, St. Saviours Estate",3,"£475,000", flat,https://www.rightmove.co.uk//property-for-sale/property-70089247.html,Added ,2019-07-02 00:00:00,8,51.497472,-0.076647,"Dexters, London Bridge",020 7650 5100,22/02/2019,21/02/2019
45,60022167,"Congreve Street, London, SE17",1,"£330,000", apartment,https://www.rightmove.co.uk//property-for-sale/property-60022167.html,Added ,2019-06-02 00:00:00,10,51.491664,-0.085024,"Atkinson McLeod, Kennington - Sales",020 8012 2474,22/02/2019,21/02/2019
46,68661496,"Rowcross Street, London",2,"£350,000", maisonett,https://www.rightmove.co.uk//property-for-sale/property-68661496.html,Reduced ,2019-05-02 00:00:00,7,51.488231,-0.074556,"The Express Estate Agency, Nationwide",0161 468 0617,22/02/2019,21/02/2019
47,58442511,"Minnow Walk, London, SE17",1,"£400,000", apartment,https://www.rightmove.co.uk//property-for-sale/property-58442511.html,Reduced ,2019-05-02 00:00:00,8,51.490041,-0.081415,"Purplebricks, covering London",0121 396 0233,22/02/2019,21/02/2019
48,68855710,"Hadlow House, Walworth SE17",2,"£299,950", flat,https://www.rightmove.co.uk//property-for-sale/property-68855710.html,Reduced ,2019-05-02 00:00:00,7,51.488622,-0.07981,"Alex Neil Estate Agents, South East London - Sales",020 8012 0319,22/02/2019,21/02/2019
49,59971491,Grange Road Bermondsey SE1,1,"£450,000", flat,https://www.rightmove.co.uk//property-for-sale/property-59971491.html,Added ,2019-05-02 00:00:00,8,51.49581,-0.07841,"Acorn, London Bridge",020 8012 2625,22/02/2019,21/02/2019
50,59970414,"Weston Street, Borough SE1",2,"£415,000", apartment,https://www.rightmove.co.uk//property-for-sale/property-59970414.html,Added ,2019-05-02 00:00:00,7,51.49828,-0.08652,"Leonard Leese, London",020 8012 3009,22/02/2019,21/02/2019
51,52535556,"Goldsworthy Gardens, Rotherhithe",1,"£300,000", flat,https://www.rightmove.co.uk//property-for-sale/property-52535556.html,Reduced ,2019-04-02 00:00:00,13,51.48906,-0.05089,"Kinleigh Folkard & Hayward - Sales, Canada Water",020 8012 2766,22/02/2019,21/02/2019
52,79058777,Spa Road Bermondsey SE16,1,"£425,000", flat,https://www.rightmove.co.uk//property-for-sale/property-79058777.html,Added ,2019-01-02 00:00:00,10,51.49586,-0.07077,"Acorn, London Bridge",020 8012 2625,22/02/2019,21/02/2019
53,59900097,"Crown Place Apartments, 20 Varcoe Road, South Bermondsey, London, SE16",2,"£475,000", flat,https://www.rightmove.co.uk//property-for-sale/property-59900097.html,Added ,2019-01-02 00:00:00,10,51.48522,-0.05783,"Mann, Lewisham",020 8012 1716,22/02/2019,21/02/2019
54,77120729,"Archers Lodge, Bermondsey",1,"£310,000", apartment,https://www.rightmove.co.uk//property-for-sale/property-77120729.html,Reduced ,2019-01-02 00:00:00,8,51.48561,-0.06501,"Garrett Whitelock, London Bridge",020 3858 3333,22/02/2019,21/02/2019
55,79041131,"Old Kent Road, Bermondsey",1,"£275,000", flat,https://www.rightmove.co.uk//property-for-sale/property-79041131.html,Added ,2019-01-02 00:00:00,7,51.48694,-0.07475,"Garrett Whitelock, London Bridge",020 3858 3333,22/02/2019,21/02/2019
56,64988623,"Longfield Estate, London, SE1",1,"£275,000", flat,https://www.rightmove.co.uk//property-for-sale/property-64988623.html,Reduced ,2019-01-31 00:00:00,7,51.49115,-0.073146,"Your Move , New Cross",020 8012 3706,22/02/2019,21/02/2019
57,68778499,"St Andrews Close, London",1,"£260,000", flat,https://www.rightmove.co.uk//property-for-sale/property-68778499.html,Reduced ,2019-01-30 00:00:00,11,51.486174,-0.058914,"The Express Estate Agency, Nationwide",0161 468 0617,22/02/2019,21/02/2019
58,57993162,"1 Scott Lidgett Crescent, London, SE16",2,"£400,000", apartment,https://www.rightmove.co.uk//property-for-sale/property-57993162.html,Reduced ,2019-01-30 00:00:00,7,51.498901,-0.064827,"Purplebricks, covering London",0121 396 0233,22/02/2019,21/02/2019
59,55722771,"Ambrose Street, London, SE16",2,"£350,000", flat,https://www.rightmove.co.uk//property-for-sale/property-55722771.html,Reduced ,2019-01-30 00:00:00,6,51.492146,-0.06246,"Purplebricks, covering London",0121 396 0233,22/02/2019,21/02/2019
60,73457135,"Concorde Way, Surrey Quays SE16",2,"£430,000", flat,https://www.rightmove.co.uk//property-for-sale/property-73457135.html,Reduced ,2019-01-30 00:00:00,24,51.49026,-0.0471,"Felicity J Lord, Canada Water",020 8012 1309,22/02/2019,21/02/2019
61,65005060,"Ilderton Road, South Bermondsey SE16",2,"£330,000", flat,https://www.rightmove.co.uk//property-for-sale/property-65005060.html,Reduced ,2019-01-30 00:00:00,8,51.485819,-0.054266,"Alex Neil Estate Agents, South East London - Sales",020 8012 0319,22/02/2019,21/02/2019
62,78977264,"Falmouth Road, London, SE1",2,"£400,000", flat,https://www.rightmove.co.uk//property-for-sale/property-78977264.html,Added ,2019-01-30 00:00:00,7,51.49573,-0.09541,"Nelsons Ltd, London Bridge",020 8012 4313,22/02/2019,21/02/2019
63,69739066,"Burnaby Court, Bermondsey SE16",2,"£400,000", flat,https://www.rightmove.co.uk//property-for-sale/property-69739066.html,Added ,2019-01-28 00:00:00,2,51.498905,-0.064852,"Alex Neil Estate Agents, South East London - Sales",020 8012 0319,22/02/2019,21/02/2019
64,68960854,"Creasy Estate, Borough",1,"£300,000", flat,https://www.rightmove.co.uk//property-for-sale/property-68960854.html,Reduced ,2019-01-28 00:00:00,1,51.494603,-0.083835,"Dexters, London Bridge",020 7650 5100,22/02/2019,21/02/2019
65,68350759,"Ambrose Street, Bermondsey",2,"£362,250", flat,https://www.rightmove.co.uk//property-for-sale/property-68350759.html,Reduced ,2019-01-28 00:00:00,7,51.492106,-0.062495,"Dexters, London Bridge",020 7650 5100,22/02/2019,21/02/2019
66,67467559,"Newington Causeway, London Bridge, SE1",2,"£480,000", flat,https://www.rightmove.co.uk//property-for-sale/property-67467559.html,Reduced ,2019-01-28 00:00:00,12,51.495833,-0.099469,"Foxtons, London Bridge",020 8012 6757,22/02/2019,21/02/2019
67,73406528,"Empire Square, Borough",1,"£450,000", flat,https://www.rightmove.co.uk//property-for-sale/property-73406528.html,Reduced ,2019-01-28 00:00:00,10,51.50014,-0.09004,"Kinleigh Folkard & Hayward - Sales, London Bridge",020 8012 2031,22/02/2019,21/02/2019
68,68177275,"Empire Square South, London Bridge",1,"£450,000", flat,https://www.rightmove.co.uk//property-for-sale/property-68177275.html,Reduced ,2019-01-28 00:00:00,5,51.500882,-0.090992,"Dexters, London Bridge",020 7650 5100,22/02/2019,21/02/2019
69,68983732,"St. Andrews House, Bermondsey SE16",3,"£500,000", flat,https://www.rightmove.co.uk//property-for-sale/property-68983732.html,Reduced ,2019-01-25 00:00:00,7,51.494135,-0.057725,"Alex Neil Estate Agents, South East London - Sales",020 8012 0319,22/02/2019,21/02/2019
70,78876776,"Haven Way, Grange Walk, SE1",1,"£465,000", apartment,https://www.rightmove.co.uk//property-for-sale/property-78876776.html,Added ,2019-01-25 00:00:00,10,51.496813,-0.07617,"Williams Lynch, London",020 8012 2590,22/02/2019,21/02/2019
71,67174816,"Westfield House, Surrey Quays, London, SE16",2,"£325,000", apartment,https://www.rightmove.co.uk//property-for-sale/property-67174816.html,Reduced ,2019-01-24 00:00:00,13,51.49185,-0.04588,"JD Property, London",020 8012 9084,22/02/2019,21/02/2019
72,69620521,"Marden Square, Bermondsey SE16",4,"£475,000", maisonett,https://www.rightmove.co.uk//property-for-sale/property-69620521.html,Added ,2019-01-22 00:00:00,9,51.494713,-0.060981,"Alex Neil Estate Agents, South East London - Sales",020 8012 0319,22/02/2019,21/02/2019
73,78763526,"Westlake, Rotherhithe New Road, London, SE16",1,"£265,000", apartment,https://www.rightmove.co.uk//property-for-sale/property-78763526.html,Added ,2019-01-21 00:00:00,8,51.490937,-0.050477,"Winkworth, Surrey Quays",020 8012 3573,22/02/2019,21/02/2019
74,59654418,"Tabard Street, Borough",1,"£400,000", flat,https://www.rightmove.co.uk//property-for-sale/property-59654418.html,Added ,2019-01-21 00:00:00,9,51.49633,-0.08804,"Kinleigh Folkard & Hayward - Sales, London Bridge",020 8012 2031,22/02/2019,21/02/2019
75,72561764,Maltby Street London Bridge SE1,2,"£410,000", flat,https://www.rightmove.co.uk//property-for-sale/property-72561764.html,Reduced ,2019-01-19 00:00:00,8,51.49838,-0.07628,"Acorn, London Bridge",020 8012 2625,22/02/2019,21/02/2019
76,58551414,"254-258 Lower Road, London, SE8",1,"£325,000", flat,https://www.rightmove.co.uk//property-for-sale/property-58551414.html,Reduced ,2019-01-18 00:00:00,15,51.490824,-0.043658,"Purplebricks, covering London",0121 396 0233,22/02/2019,21/02/2019
77,57711087,"Neckinger Estate, London, SE16",2,"£400,000", apartment,https://www.rightmove.co.uk//property-for-sale/property-57711087.html,Reduced ,2019-01-18 00:00:00,8,51.497298,-0.073561,"Purplebricks, covering London",0121 396 0233,22/02/2019,21/02/2019
78,70210450,"Tennis Street, London Bridge",2,"£440,000", flat,https://www.rightmove.co.uk//property-for-sale/property-70210450.html,Reduced ,2019-01-17 00:00:00,6,51.50203,-0.09054,"Dexters, London Bridge",020 7650 5100,22/02/2019,21/02/2019
79,77720555,St. James's Road Bermondsey SE1,2,"£500,000", flat,https://www.rightmove.co.uk//property-for-sale/property-77720555.html,Added ,2019-01-17 00:00:00,8,51.4894,-0.06586,"Acorn, London Bridge",020 8012 2625,22/02/2019,21/02/2019
80,78648464,"Slippers Place, London, SE16",2,"£314,500", flat,https://www.rightmove.co.uk//property-for-sale/property-78648464.html,Added ,2019-01-17 00:00:00,6,51.49666,-0.05921,"Oppida , Surrey Quays",020 8012 5950,22/02/2019,21/02/2019
81,59308335,"Tennis Street, Borough",1,"£440,000", flat,https://www.rightmove.co.uk//property-for-sale/property-59308335.html,Reduced ,2019-01-16 00:00:00,15,51.50187,-0.09141,"Kinleigh Folkard & Hayward - Sales, London Bridge",020 8012 2031,22/02/2019,21/02/2019
82,59555247,"22 Great Dover Street, London, SE1",1,"£465,000", flat,https://www.rightmove.co.uk//property-for-sale/property-59555247.html,Added ,2019-01-15 00:00:00,11,51.499339,-0.092365,"Purplebricks, covering London",0121 396 0233,22/02/2019,21/02/2019
83,59547798,"St Helena Road, Surrey Quays, London, SE16 2QU",1,"£270,000", flat,https://www.rightmove.co.uk//property-for-sale/property-59547798.html,Added ,2019-01-15 00:00:00,7,51.490482,-0.048013,"Holland Properties, London",020 8012 3149,22/02/2019,21/02/2019
84,69467833,"Alaska Buildings, 61 Grange Road, London, SE1",1,"£425,000", ground floor flat,https://www.rightmove.co.uk//property-for-sale/property-69467833.html,Added ,2019-01-15 00:00:00,6,51.495318,-0.077356,"Williams Lynch, London",020 8012 2590,22/02/2019,21/02/2019
85,78575036,"Kirby Estate, Southwark Park Road, London, SE16",3,"£350,000", flat,https://www.rightmove.co.uk//property-for-sale/property-78575036.html,Added ,2019-01-14 00:00:00,4,51.4982,-0.05958,"Oppida , Surrey Quays",020 8012 5950,22/02/2019,21/02/2019
86,59462772,"Culloden Close, London, London, SE16 3JH",3,"£495,000", terraced house,https://www.rightmove.co.uk//property-for-sale/property-59462772.html,Added ,2019-11-01 00:00:00,14,51.48568,-0.06495,"Pattinson Estate Agents, Auction",0191 687 0599,22/02/2019,21/02/2019
87,78503297,"Devonshire House, Bath Terrace, London, SE1",2,"£450,000", flat,https://www.rightmove.co.uk//property-for-sale/property-78503297.html,Added ,2019-11-01 00:00:00,8,51.496984,-0.096349,"Stirling Ackroyd, London Bridge",020 8012 2405,22/02/2019,21/02/2019
88,78487022,"Southwark Park Road, London, SE16 2EF",3,"£350,000", flat,https://www.rightmove.co.uk//property-for-sale/property-78487022.html,Added ,2019-10-01 00:00:00,1,51.4982,-0.05958,"Hunters, Surrey Quays",020 8012 4439,22/02/2019,21/02/2019
89,59438403,Tabard Street London SE1,2,"£475,000", flat,https://www.rightmove.co.uk//property-for-sale/property-59438403.html,Added ,2019-10-01 00:00:00,6,51.49633,-0.08804,"Acorn, Kennington",020 8012 4352,22/02/2019,21/02/2019
90,53611770,"The Rise, Borough SE1",1,"£500,000", apartment,https://www.rightmove.co.uk//property-for-sale/property-53611770.html,Reduced ,2019-10-01 00:00:00,12,51.50095,-0.09577,"Leonard Leese, London",020 8012 3009,22/02/2019,21/02/2019
91,77114030,"Procter House, Avondale Square, London, SE1",1,"£285,000", flat,https://www.rightmove.co.uk//property-for-sale/property-77114030.html,Reduced ,2019-09-01 00:00:00,9,51.487274,-0.069061,"Stirling Ackroyd, London Bridge",020 8012 2405,22/02/2019,21/02/2019
92,76335077,"Bermondsey Square, London, SE1",1,"£499,950", apartment,https://www.rightmove.co.uk//property-for-sale/property-76335077.html,Reduced ,2019-09-01 00:00:00,7,51.497962,-0.081423,"Williams Lynch, London",020 8012 2590,22/02/2019,21/02/2019
93,69360685,"Tabard Street, Borough, SE1",2,"£475,000", flat,https://www.rightmove.co.uk//property-for-sale/property-69360685.html,Added ,2019-09-01 00:00:00,5,51.496134,-0.088119,"Foxtons, London Bridge",020 8012 6757,22/02/2019,21/02/2019
94,52594011,"Rockingham Street, SE1",3,"£495,000", apartment,https://www.rightmove.co.uk//property-for-sale/property-52594011.html,Added ,2019-08-01 00:00:00,7,51.49574,-0.09628,"Leonard Leese, London",020 8012 3009,22/02/2019,21/02/2019
95,58063200,Mason Street Walworth SE17,1,"£325,000", flat,https://www.rightmove.co.uk//property-for-sale/property-58063200.html,Reduced ,2019-07-01 00:00:00,7,51.49305,-0.08587,"Acorn, Kennington",020 8012 4352,22/02/2019,21/02/2019
96,76203437,"Burbage Close, London Bridge",2,"£330,000", flat,https://www.rightmove.co.uk//property-for-sale/property-76203437.html,Reduced ,2019-07-01 00:00:00,5,51.496344,-0.089928,"Dexters, London Bridge",020 7650 5100,22/02/2019,21/02/2019
97,57944817,"Lant Street, Borough",2,"£500,000", flat,https://www.rightmove.co.uk//property-for-sale/property-57944817.html,Reduced ,2019-04-01 00:00:00,15,51.50133,-0.09705,"Kinleigh Folkard & Hayward - Sales, London Bridge",020 8012 2031,22/02/2019,21/02/2019
98,67822462,"Ivychurch Lane, London",3,"£350,000", flat,https://www.rightmove.co.uk//property-for-sale/property-67822462.html,Reduced ,2019-03-01 00:00:00,8,51.48836,-0.07846,"Barnard Marcus, Peckham",020 8012 6707,22/02/2019,21/02/2019
99,74065127,Snowsfields London Bridge SE1,1,"£460,000", flat,https://www.rightmove.co.uk//property-for-sale/property-74065127.html,Reduced ,2019-02-01 00:00:00,7,51.50248,-0.0849,"Acorn, London Bridge",020 8012 2625,22/02/2019,21/02/2019
100,69236911,"Newington Causeway, Elephant and Castle",1,"£405,000", flat,https://www.rightmove.co.uk//property-for-sale/property-69236911.html,Added ,2019-02-01 00:00:00,8,51.496105,-0.099275,"Dexters, London Bridge",020 7650 5100,22/02/2019,21/02/2019
101,78134216,"Rephidim Street, London",1,"£365,000", flat,https://www.rightmove.co.uk//property-for-sale/property-78134216.html,Added ,2018-12-26 00:00:00,15,51.495338,-0.085907,"YOPA, London",01620 694026,22/02/2019,21/02/2019
102,59130201,"Eveline Lowe Estate, LONDON",2,"£375,000", flat,https://www.rightmove.co.uk//property-for-sale/property-59130201.html,Added ,2018-12-26 00:00:00,9,51.49355,-0.06838,"Barnard Marcus, Peckham",020 8012 6707,22/02/2019,21/02/2019
103,77640203,"Congreve Street, London",1,"£330,000", flat,https://www.rightmove.co.uk//property-for-sale/property-77640203.html,Reduced ,2018-12-26 00:00:00,7,51.49166,-0.08502,"Barnard Marcus, Kennington",020 8012 2049,22/02/2019,21/02/2019
104,59117634,"Congreve Street, Elephant & Castle, SE17",2,"£400,000", maisonett,https://www.rightmove.co.uk//property-for-sale/property-59117634.html,Added ,2018-12-26 00:00:00,12,51.490427,-0.082399,"Purplebricks, covering London",0121 396 0233,22/02/2019,21/02/2019
105,69125653,"Lant Street, Borough",1,"£500,000", flat,https://www.rightmove.co.uk//property-for-sale/property-69125653.html,Added ,2018-12-21 00:00:00,7,51.501144,-0.095564,"Dexters, London Bridge",020 7650 5100,22/02/2019,21/02/2019
106,59029404,"Darwin Street, Elephant & Castle",1,"£450,000", flat,https://www.rightmove.co.uk//property-for-sale/property-59029404.html,Added ,2018-12-21 00:00:00,9,51.49297,-0.08602,"Kinleigh Folkard & Hayward - Sales, Kennington",020 8012 2756,22/02/2019,21/02/2019
107,69725809,"Concorde Way, Rotherhithe, SE16",1,"£395,000", flat,https://www.rightmove.co.uk//property-for-sale/property-69725809.html,Added ,2018-12-21 00:00:00,7,51.490082,-0.04715,"Foxtons, London Bridge",020 8012 6757,22/02/2019,21/02/2019
108,78009965,Varcoe Road London SE16,1,"£300,000", flat,https://www.rightmove.co.uk//property-for-sale/property-78009965.html,Added ,2018-12-19 00:00:00,8,51.48509,-0.05567,"Acorn, London Bridge",020 8012 2625,22/02/2019,21/02/2019
109,78007451,Townsend Street London SE17,1,"£390,000", flat,https://www.rightmove.co.uk//property-for-sale/property-78007451.html,Added ,2018-12-19 00:00:00,9,51.49241,-0.08475,"Acorn, London Bridge",020 8012 2625,22/02/2019,21/02/2019
110,70169761,"Purbrook Estate, Tower Bridge",1,"£360,000", flat,https://www.rightmove.co.uk//property-for-sale/property-70169761.html,Reduced ,2018-12-17 00:00:00,6,51.498919,-0.079,"Dexters, London Bridge",020 7650 5100,22/02/2019,21/02/2019
111,77948345,"St. Helena Road, London, SE16 2QU",1,"£259,950", flat,https://www.rightmove.co.uk//property-for-sale/property-77948345.html,Added ,2018-12-17 00:00:00,6,51.49053,-0.04737,"Hunters, Surrey Quays",020 8012 4439,22/02/2019,21/02/2019
112,77948075,Wordsworth Road London SE1,1,"£350,000", flat,https://www.rightmove.co.uk//property-for-sale/property-77948075.html,Added ,2018-12-17 00:00:00,8,51.49054,-0.07503,"Acorn, London Bridge",020 8012 2625,22/02/2019,21/02/2019
113,68233138,"Lewes House, Bermondsey SE1",2,"£475,000", flat,https://www.rightmove.co.uk//property-for-sale/property-68233138.html,Reduced ,2018-12-13 00:00:00,7,51.502603,-0.080329,"Alex Neil Estate Agents, South East London - Sales",020 8012 0319,22/02/2019,21/02/2019
114,58253208,"Bolanachi Building, Spa Road, London, SE16",1,"£420,000", apartment,https://www.rightmove.co.uk//property-for-sale/property-58253208.html,Reduced ,2018-12-12 00:00:00,13,51.496116,-0.070416,"MyLondonHome, Central London",020 8012 4974,22/02/2019,21/02/2019
115,77707793,"Otford House, Staple Street, London, SE1",2,"£400,000", flat,https://www.rightmove.co.uk//property-for-sale/property-77707793.html,Reduced ,2018-07-12 00:00:00,7,51.499004,-0.087886,"Stirling Ackroyd, London Bridge",020 8012 2405,22/02/2019,21/02/2019
116,58629345,Longfield Estate London SE1,3,"£375,000", flat,https://www.rightmove.co.uk//property-for-sale/property-58629345.html,Reduced ,2018-06-12 00:00:00,7,51.49214,-0.0741,"Acorn, Peckham Rye",020 8012 2626,22/02/2019,21/02/2019
117,65185582,"Rowcross Street, South Bermondsey, SE1",2,"£425,000", flat,https://www.rightmove.co.uk//property-for-sale/property-65185582.html,Reduced ,2018-06-12 00:00:00,7,51.488269,-0.072403,"Foxtons, London Bridge",020 8012 6757,22/02/2019,21/02/2019
118,58628220,"Kipling Street, Bermondsey",1,"£475,000", flat,https://www.rightmove.co.uk//property-for-sale/property-58628220.html,Added ,2018-06-12 00:00:00,13,51.50181,-0.08767,"Kinleigh Folkard & Hayward - Sales, London Bridge",020 8012 2031,22/02/2019,21/02/2019
119,77670191,"Hamilton Square, Kipling Street, London Bridge, SE1",1,"£475,000", flat,https://www.rightmove.co.uk//property-for-sale/property-77670191.html,Added ,2018-05-12 00:00:00,9,51.501545,-0.088085,"Williams Lynch, London",020 8012 2590,22/02/2019,21/02/2019
120,68887642,"Abbey Street, Tower Bridge",2,"£375,000", flat,https://www.rightmove.co.uk//property-for-sale/property-68887642.html,Added ,2018-05-12 00:00:00,7,51.49865,-0.071208,"Dexters, London Bridge",020 7650 5100,22/02/2019,21/02/2019
121,76486298,"Tavern Court, New Kent Road, London, SE1",2,"£500,000", apartment,https://www.rightmove.co.uk//property-for-sale/property-76486298.html,Reduced ,2018-04-12 00:00:00,11,51.494638,-0.09526,"Kalmars Residential , Shad Thames",020 8012 7289,22/02/2019,21/02/2019
122,77329958,"Southwark Park Road, London, SE16",4,"£460,000", maisonett,https://www.rightmove.co.uk//property-for-sale/property-77329958.html,Reduced ,2018-04-12 00:00:00,9,51.492873,-0.070397,"Kalmars Residential , Shad Thames",020 8012 7289,22/02/2019,21/02/2019
123,77642486,"Quastel House, Long Lane, London",1,"£500,000", apartment,https://www.rightmove.co.uk//property-for-sale/property-77642486.html,Added ,2018-04-12 00:00:00,8,51.500995,-0.091488,"ea2 Estate Agency, Wapping",020 8012 4877,22/02/2019,21/02/2019
124,68869378,"Pardoner Street, London Bridge",2,"£495,000", flat,https://www.rightmove.co.uk//property-for-sale/property-68869378.html,Added ,2018-04-12 00:00:00,7,51.497667,-0.087887,"Dexters, London Bridge",020 7650 5100,22/02/2019,21/02/2019
125,78884003,Wordsworth Road Bermondsey SE1,2,"£410,000", maisonett,https://www.rightmove.co.uk//property-for-sale/property-78884003.html,Added ,2018-03-12 00:00:00,8,51.49054,-0.07503,"Acorn, London Bridge",020 8012 2625,22/02/2019,21/02/2019
126,58540560,"197 Long Lane, London",1,"£475,000", apartment,https://www.rightmove.co.uk//property-for-sale/property-58540560.html,Added ,2018-03-12 00:00:00,8,51.498747,-0.084646,"Hastings International, London Bridge",020 8012 3343,22/02/2019,21/02/2019
127,77527436,"Strathnairn Street, London",1,"£310,000", flat,https://www.rightmove.co.uk//property-for-sale/property-77527436.html,Added ,2018-11-29 00:00:00,12,51.49091,-0.064787,"Doorsteps.co.uk, National",01298 445019,22/02/2019,21/02/2019
128,56857455,"The Wireworks, 80 Great Suffolk Street, London Guide Price £475,000-£500,000",1,"£475,000", apartment,https://www.rightmove.co.uk//property-for-sale/property-56857455.html,Reduced ,2018-11-29 00:00:00,8,51.501304,-0.09945,"Hastings International, London Bridge",020 8012 3343,22/02/2019,21/02/2019
129,79116920,"Metro Central Heights, 119 Newington Causeway",2,"£450,000", apartment,https://www.rightmove.co.uk//property-for-sale/property-79116920.html,Reduced ,2018-11-28 00:00:00,8,51.49597,-0.09929,"Garrett Whitelock, London Bridge",020 3858 3333,22/02/2019,21/02/2019
130,69628432,"Newington Causeway, Elephant and Castle",2,"£450,000", flat,https://www.rightmove.co.uk//property-for-sale/property-69628432.html,Reduced ,2018-11-28 00:00:00,11,51.495815,-0.099282,"Dexters, London Bridge",020 7650 5100,22/02/2019,21/02/2019
131,67296538,"Jamaica Road, Bermondsey, SE16",1,"£359,950", flat,https://www.rightmove.co.uk//property-for-sale/property-67296538.html,Reduced ,2018-11-27 00:00:00,9,51.498167,-0.066267,"Foxtons, London Bridge",020 8012 6757,22/02/2019,21/02/2019
132,67146301,"Pages Walk, London Bridge",1,"£325,000", flat,https://www.rightmove.co.uk//property-for-sale/property-67146301.html,Reduced ,2018-11-27 00:00:00,8,51.493093,-0.083171,"Dexters, London Bridge",020 7650 5100,22/02/2019,21/02/2019
133,77419655,"Spa Road, London, SE16",1,"£450,000", apartment,https://www.rightmove.co.uk//property-for-sale/property-77419655.html,Added ,2018-11-26 00:00:00,7,51.49592,-0.07079,"Right Now Residential, London",020 3858 2523,22/02/2019,21/02/2019
134,66154915,"Hankey Place, Borough, SE1",2,"£450,000", flat,https://www.rightmove.co.uk//property-for-sale/property-66154915.html,Reduced ,2018-11-24 00:00:00,7,51.499584,-0.088537,"Foxtons, London Bridge",020 8012 6757,22/02/2019,21/02/2019
135,58320450,"Wightman Road, London",1,"£325,000", flat,https://www.rightmove.co.uk//property-for-sale/property-58320450.html,Added ,2018-11-22 00:00:00,6,51.502418,-0.090798,"Kings Group, Haringey - Sales",020 8012 1444,22/02/2019,21/02/2019
136,66374005,"Weston Street, London",3,"£500,000", flat,https://www.rightmove.co.uk//property-for-sale/property-66374005.html,Reduced ,2018-11-21 00:00:00,9,51.497833,-0.084591,"The Express Estate Agency, Nationwide",0161 468 0617,22/02/2019,21/02/2019
137,58262946,"Arch Street, Elephant & Castle",1,"£425,000", flat,https://www.rightmove.co.uk//property-for-sale/property-58262946.html,Added ,2018-11-20 00:00:00,12,51.49505,-0.09803,"Kinleigh Folkard & Hayward - Sales, London Bridge",020 8012 2031,22/02/2019,21/02/2019
138,58225101,"Chevron Apartments, 294 St James's Road, London",1,"£425,000", apartment,https://www.rightmove.co.uk//property-for-sale/property-58225101.html,Added ,2018-11-19 00:00:00,8,51.486175,-0.065676,"Hastings International, London Bridge",020 8012 3343,22/02/2019,21/02/2019
139,77265527,"Lynton Road, London",1,"£320,000", apartment,https://www.rightmove.co.uk//property-for-sale/property-77265527.html,Added ,2018-11-19 00:00:00,10,51.48994,-0.06051,"Global House Estates , London",020 8012 3014,22/02/2019,21/02/2019
140,77255825,"Tooley Street, SE1",1,"£500,000", flat,https://www.rightmove.co.uk//property-for-sale/property-77255825.html,Added ,2018-11-19 00:00:00,9,51.501166,-0.076926,"sellmyhome.co.uk, London",020 8012 7402,22/02/2019,21/02/2019
141,58134201,"32 Long Lane, Borough, SE1",1,"£500,000", flat,https://www.rightmove.co.uk//property-for-sale/property-58134201.html,Added ,2018-11-16 00:00:00,13,51.500939,-0.091635,"Purplebricks, covering London",0121 396 0233,22/02/2019,21/02/2019
142,57901587,"Luna House, 37 Bermondsey Wall West, London",1,"£485,000", apartment,https://www.rightmove.co.uk//property-for-sale/property-57901587.html,Added ,2018-08-11 00:00:00,6,51.501059,-0.067329,"Hastings International, London Bridge",020 8012 3343,22/02/2019,21/02/2019
143,76988372,"Kirby Estate, Bermondsey",2,"£375,000", flat,https://www.rightmove.co.uk//property-for-sale/property-76988372.html,Added ,2018-08-11 00:00:00,5,51.498064,-0.059821,"Dexters, London Bridge",020 7650 5100,22/02/2019,21/02/2019
144,68405233,"Lower Road, Canada Water, SE16",1,"£360,000", flat,https://www.rightmove.co.uk//property-for-sale/property-68405233.html,Added ,2018-07-11 00:00:00,7,51.493997,-0.048999,"Foxtons, London Bridge",020 8012 6757,22/02/2019,21/02/2019
145,56624733,"Marigold Street, Bermondsey",3,"£450,000", apartment,https://www.rightmove.co.uk//property-for-sale/property-56624733.html,Reduced ,2018-06-11 00:00:00,2,51.49905,-0.06228,"Martin & Co, London Bridge - Lettings & Sales",020 8012 6166,22/02/2019,21/02/2019
146,55773225,"Marigold Street, Bermondsey",3,"£450,000", apartment,https://www.rightmove.co.uk//property-for-sale/property-55773225.html,Reduced ,2018-06-11 00:00:00,2,51.49905,-0.06228,"Martin & Co, London Bridge - Lettings & Sales",020 8012 6166,22/02/2019,21/02/2019
147,76920323,"Harper Road, Elephant and Castle",1,"£485,000", flat,https://www.rightmove.co.uk//property-for-sale/property-76920323.html,Added ,2018-05-11 00:00:00,8,51.49642,-0.09394,Kinleigh Folkard & Hayward - Land and New Homes,020 8012 2773,22/02/2019,21/02/2019
148,57544080,"Llewellyn Street, Bermondsey",3,"£450,000", maisonett,https://www.rightmove.co.uk//property-for-sale/property-57544080.html,Added ,2018-02-11 00:00:00,15,51.49851,-0.06792,"Oliver Jaques, Surrey Quays",020 8012 4508,22/02/2019,21/02/2019
149,73521278,"Purbrook Estate, Purbrook Street, London",3,"£445,000", duplex,https://www.rightmove.co.uk//property-for-sale/property-73521278.html,Reduced ,2018-02-11 00:00:00,6,51.498665,-0.07934,"Hastings International, London Bridge",020 8012 3343,22/02/2019,21/02/2019
150,66300079,"Southwark Park Road, London",4,"£465,000", maisonett,https://www.rightmove.co.uk//property-for-sale/property-66300079.html,Reduced ,2018-10-31 00:00:00,14,51.492788,-0.070359,"The Express Estate Agency, Nationwide",0161 468 0617,22/02/2019,21/02/2019
151,67922140,"Kite House, Bermondsey SE1",1,"£315,000", flat,https://www.rightmove.co.uk//property-for-sale/property-67922140.html,Reduced ,2018-10-31 00:00:00,6,51.489458,-0.0624,"Alex Neil Estate Agents, South East London - Sales",020 8012 0319,22/02/2019,21/02/2019
152,56980638,"Rennie Estate, London",2,"£255,000", flat,https://www.rightmove.co.uk//property-for-sale/property-56980638.html,Reduced ,2018-10-30 00:00:00,11,51.49051,-0.05813,"Barnard Marcus, Peckham",020 8012 6707,22/02/2019,21/02/2019
153,67707679,"Meakin Estate, Tower Bridge",2,"£417,000", flat,https://www.rightmove.co.uk//property-for-sale/property-67707679.html,Reduced ,2018-10-29 00:00:00,7,51.496959,-0.082859,"Dexters, London Bridge",020 7650 5100,22/02/2019,21/02/2019
154,68219269,"Canute Gardens, Surrey Quays SE16",3,"£390,000", duplex,https://www.rightmove.co.uk//property-for-sale/property-68219269.html,Added ,2018-10-29 00:00:00,4,51.49218,-0.048714,"Alex Neil Estate Agents, South East London - Sales",020 8012 0319,22/02/2019,21/02/2019
155,67662559,"Southwark Park Road, Southwark Park Road",4,"£460,000", flat,https://www.rightmove.co.uk//property-for-sale/property-67662559.html,Reduced ,2018-10-26 00:00:00,8,51.492882,-0.070734,"Dexters, London Bridge",020 7650 5100,22/02/2019,21/02/2019
156,57517875,"Varcoe Road, London, SE16",2,"£435,000", flat,https://www.rightmove.co.uk//property-for-sale/property-57517875.html,Added ,2018-10-25 00:00:00,9,51.485701,-0.057925,"Purplebricks, covering London",0121 396 0233,22/02/2019,21/02/2019
157,54730428,"Newington Causeway, Elephant & Castle",1,"£375,000", flat,https://www.rightmove.co.uk//property-for-sale/property-54730428.html,Reduced ,2018-10-25 00:00:00,11,51.49597,-0.09929,"Kinleigh Folkard & Hayward - Sales, London Bridge",020 8012 2031,22/02/2019,21/02/2019
158,68776540,"Law Street, London Bridge",2,"£380,000", flat,https://www.rightmove.co.uk//property-for-sale/property-68776540.html,Reduced ,2018-10-23 00:00:00,6,51.497191,-0.086814,"Dexters, London Bridge",020 7650 5100,22/02/2019,21/02/2019
159,57362229,"Crosslet Street, Elephant & Castle",1,"£250,000", flat,https://www.rightmove.co.uk//property-for-sale/property-57362229.html,Reduced ,2018-10-22 00:00:00,1,51.49227,-0.085829,"Dexters, Kennington",020 7650 5102,22/02/2019,21/02/2019
160,57395451,"Rossetti Road, Bermondsey",2,"£375,000", flat,https://www.rightmove.co.uk//property-for-sale/property-57395451.html,Added ,2018-10-19 00:00:00,12,51.48842,-0.06115,"Kinleigh Folkard & Hayward - Sales, Canada Water",020 8012 2766,22/02/2019,21/02/2019
161,57387087,"Sanctuary Street, London, SE1",1,"£500,000", flat,https://www.rightmove.co.uk//property-for-sale/property-57387087.html,Added ,2018-10-19 00:00:00,10,51.501184,-0.095315,"Gordon & Co, Elephant & Castle",020 8012 9148,22/02/2019,21/02/2019
162,69635983,"Falmouth Road, Borough, SE1",2,"£420,000", flat,https://www.rightmove.co.uk//property-for-sale/property-69635983.html,Added ,2018-10-16 00:00:00,9,51.495631,-0.094234,"Foxtons, London Bridge",020 8012 6757,22/02/2019,21/02/2019
163,57326955,"Sheppard Drive, South Bermondsey SE16",2,"£347,500", flat,https://www.rightmove.co.uk//property-for-sale/property-57326955.html,Added ,2018-10-16 00:00:00,7,51.489045,-0.061884,"Alex Neil Estate Agents, South East London - Sales",020 8012 0319,22/02/2019,21/02/2019
164,58313178,"Trevithick house, Bermondsey, SE16",2,"£245,000", apartment,https://www.rightmove.co.uk//property-for-sale/property-58313178.html,Added ,2018-10-15 00:00:00,5,51.490388,-0.058831,"Stonebridge, London",020 8012 7213,22/02/2019,21/02/2019
165,76366598,"Haddonfield, London, SE8 5AT",2,"£319,950", flat,https://www.rightmove.co.uk//property-for-sale/property-76366598.html,Added ,2018-10-15 00:00:00,7,51.49095,-0.04548,"Hunters, Surrey Quays",020 8012 4439,22/02/2019,21/02/2019
166,67912762,"Old Kent Road, Elephant and Castle",2,"£415,000", flat,https://www.rightmove.co.uk//property-for-sale/property-67912762.html,Added ,2018-10-10 00:00:00,8,51.492275,-0.082042,"Dexters, London Bridge",020 7650 5100,22/02/2019,21/02/2019
167,67895518,"Kimmins Court, Bermondsey SE16",3,"£250,000", maisonett,https://www.rightmove.co.uk//property-for-sale/property-67895518.html,Added ,2018-09-10 00:00:00,9,51.497496,-0.069405,"Alex Neil Estate Agents, South East London - Sales",020 8012 0319,22/02/2019,21/02/2019
168,67893997,"Metro Central Heights, Newington Causeway, London",1,"£220,000", flat,https://www.rightmove.co.uk//property-for-sale/property-67893997.html,Added ,2018-09-10 00:00:00,9,51.496052,-0.099221,"Doorsteps.co.uk, National",01298 445019,22/02/2019,21/02/2019
169,57041937,"Argyle Way, Bermondsey",3,"£500,000", terraced house,https://www.rightmove.co.uk//property-for-sale/property-57041937.html,Added ,2018-05-10 00:00:00,14,51.48641,-0.0644,"Kinleigh Folkard & Hayward - Sales, Canada Water",020 8012 2766,22/02/2019,21/02/2019
170,67843960,"Brodie House, Bermondsey SE1",3,"£395,000", maisonett,https://www.rightmove.co.uk//property-for-sale/property-67843960.html,Added ,2018-05-10 00:00:00,8,51.488398,-0.073256,"Alex Neil Estate Agents, South East London - Sales",020 8012 0319,22/02/2019,21/02/2019
171,76099337,Abbey Street London Bridge SE1,2,"£429,995", flat,https://www.rightmove.co.uk//property-for-sale/property-76099337.html,Added ,2018-03-10 00:00:00,7,51.49786,-0.07746,"Acorn, London Bridge",020 8012 2625,22/02/2019,21/02/2019
172,55173288,"George Row, Bermondsey SE16",1,"£355,000", apartment,https://www.rightmove.co.uk//property-for-sale/property-55173288.html,Reduced ,2018-02-10 00:00:00,8,51.49981,-0.07003,"Leonard Leese, London",020 8012 3009,22/02/2019,21/02/2019
173,56870529,"Pardoner Street, Borough",1,"£399,950", flat,https://www.rightmove.co.uk//property-for-sale/property-56870529.html,Added ,2018-09-28 00:00:00,12,51.49785,-0.08769,"Kinleigh Folkard & Hayward - Sales, London Bridge",020 8012 2031,22/02/2019,21/02/2019
174,64159240,"Bush Road, Deptford, SE8",2,"£375,000", flat,https://www.rightmove.co.uk//property-for-sale/property-64159240.html,Reduced ,2018-09-21 00:00:00,9,51.490344,-0.045612,"Foxtons, Greenwich",020 8012 6747,22/02/2019,21/02/2019
175,67621753,"Empire Square South, Empire Square, London",1,"£500,000", flat,https://www.rightmove.co.uk//property-for-sale/property-67621753.html,Added ,2018-09-21 00:00:00,12,51.500198,-0.090026,"Chestertons Estate Agents , Tower Bridge",020 8012 3880,22/02/2019,21/02/2019
176,49411344,"Congreve Street, London, SE17",5,"£474,950", flat,https://www.rightmove.co.uk//property-for-sale/property-49411344.html,Reduced ,2018-09-20 00:00:00,7,51.49122,-0.08379,"home2u ltd, London",020 8012 5092,22/02/2019,21/02/2019
177,66197197,"Amina Way, Bermondsey SE16",3,"£399,999", duplex,https://www.rightmove.co.uk//property-for-sale/property-66197197.html,Reduced ,2018-09-20 00:00:00,9,51.494911,-0.068623,"Alex Neil Estate Agents, South East London - Sales",020 8012 0319,22/02/2019,21/02/2019
178,67503637,"Cadet Drive, South Bermondsey, SE1",1,"£350,000", house,https://www.rightmove.co.uk//property-for-sale/property-67503637.html,Added ,2018-09-14 00:00:00,7,51.489004,-0.071119,"Foxtons, London Bridge",020 8012 6757,22/02/2019,21/02/2019
179,56284590,"37 Southwark Bridge Road, Southwark, SE1",1,"£500,000", flat,https://www.rightmove.co.uk//property-for-sale/property-56284590.html,Added ,2018-08-27 00:00:00,18,51.505777,-0.095122,"Purplebricks, covering London",0121 396 0233,22/02/2019,21/02/2019
180,75039398,Thorburn Square London SE1,1,"£310,000", flat,https://www.rightmove.co.uk//property-for-sale/property-75039398.html,Added ,2018-08-18 00:00:00,9,51.49079,-0.06854,"Acorn, London Bridge",020 8012 2625,22/02/2019,21/02/2019
181,56145252,"Emba Street, London, SE16",2,"£475,000", maisonett,https://www.rightmove.co.uk//property-for-sale/property-56145252.html,Added ,2018-08-16 00:00:00,12,51.499788,-0.063261,"Kalmars Residential , Shad Thames",020 8012 7289,22/02/2019,21/02/2019
182,66626095,"St. Helena Road, Surrey Quays SE16",1,"£272,000", flat,https://www.rightmove.co.uk//property-for-sale/property-66626095.html,Reduced ,2018-08-14 00:00:00,6,51.490584,-0.047328,"Alex Neil Estate Agents, South East London - Sales",020 8012 0319,22/02/2019,21/02/2019
183,56075121,Maltby Street London Bridge SE1,1,"£499,995", flat,https://www.rightmove.co.uk//property-for-sale/property-56075121.html,Added ,2018-08-14 00:00:00,8,51.49909,-0.07568,"Acorn, London Bridge",020 8012 2625,22/02/2019,21/02/2019
184,69635977,"Yaldham House, Southwark, SE1",4,"£499,950", flat,https://www.rightmove.co.uk//property-for-sale/property-69635977.html,Reduced ,2018-08-13 00:00:00,10,51.491142,-0.082523,"Foxtons, London Bridge",020 8012 6757,22/02/2019,21/02/2019
185,66835693,"Tower Bridge Buildings, Mill Street, London, London, SE1 2AZ",1,"£460,000", flat,https://www.rightmove.co.uk//property-for-sale/property-66835693.html,Added ,2018-07-08 00:00:00,5,51.500404,-0.072324,"House Network, National",01245 930165,22/02/2019,21/02/2019
186,66285943,"Longfield Estate, Bermondsey",3,"£399,950", flat,https://www.rightmove.co.uk//property-for-sale/property-66285943.html,Reduced ,2018-02-08 00:00:00,7,51.49151,-0.07384,"Kinleigh Folkard & Hayward - Sales, London Bridge",020 8012 2031,22/02/2019,21/02/2019
187,54890475,"Oxley Close, Bermondsey, SE1",1,"£280,000", apartment,https://www.rightmove.co.uk//property-for-sale/property-54890475.html,Reduced ,2018-07-23 00:00:00,8,51.488996,-0.072767,"Purplebricks, covering London",0121 396 0233,22/02/2019,21/02/2019
188,72279407,"The Rise, Lant Street, London, SE1",1,"£500,000", flat,https://www.rightmove.co.uk//property-for-sale/property-72279407.html,Reduced ,2018-07-23 00:00:00,8,51.501054,-0.095623,"Stirling Ackroyd, London Bridge",020 8012 2405,22/02/2019,21/02/2019
189,50439231,"Corelli Court, Lynton Road SE1",2,"£440,000", flat,https://www.rightmove.co.uk//property-for-sale/property-50439231.html,Reduced ,2018-07-23 00:00:00,10,51.4896,-0.062087,"Leonard Leese, London",020 8012 3009,22/02/2019,21/02/2019
190,61813615,"Yalding Road, South Bermondsey, SE16",2,"£400,000", flat,https://www.rightmove.co.uk//property-for-sale/property-61813615.html,Reduced ,2018-07-16 00:00:00,11,51.493225,-0.070279,"Foxtons, London Bridge",020 8012 6757,22/02/2019,21/02/2019
191,64068490,"Congreve Street, Walworth",5,"£474,950", flat,https://www.rightmove.co.uk//property-for-sale/property-64068490.html,Reduced ,2018-07-16 00:00:00,1,51.49069,-0.084218,"Davis & Gibbs Ltd, London",020 8012 1115,22/02/2019,21/02/2019
192,65155318,"Freemantle Street, Elephant and Castle, SE17",2,"£400,000", flat,https://www.rightmove.co.uk//property-for-sale/property-65155318.html,Reduced ,2018-11-07 00:00:00,6,51.489531,-0.082461,"Foxtons, London Bridge",020 8012 6757,22/02/2019,21/02/2019
193,59774920,"Upnor Way, Elephant and Castle, SE17",1,"£279,995", flat,https://www.rightmove.co.uk//property-for-sale/property-59774920.html,Reduced ,2018-06-07 00:00:00,6,51.487668,-0.079573,"Foxtons, London Bridge",020 8012 6757,22/02/2019,21/02/2019
194,68961157,"Oliver House, George Row, London SE16",1,"£397,000", flat,https://www.rightmove.co.uk//property-for-sale/property-68961157.html,Reduced ,2018-06-07 00:00:00,9,51.49978,-0.0683,"ludlowthompson, Canada Water",020 8012 6536,22/02/2019,21/02/2019
195,51780960,"Yalding Road, Bermondsey",2,"£400,000", flat,https://www.rightmove.co.uk//property-for-sale/property-51780960.html,Reduced ,2018-06-29 00:00:00,14,51.49343,-0.07015,"Kinleigh Folkard & Hayward - Sales, Canada Water",020 8012 2766,22/02/2019,21/02/2019
196,68033482,"Chaucer Drive, Bermondsey, London, SE1",1,"£325,000", maisonett,https://www.rightmove.co.uk//property-for-sale/property-68033482.html,Added ,2018-06-20 00:00:00,6,51.490248,-0.074214,"Williams Lynch, London",020 8012 2590,22/02/2019,21/02/2019
197,76480409,"Rotherhithe Old Road, London",3,"£325,000", flat,https://www.rightmove.co.uk//property-for-sale/property-76480409.html,Reduced ,2018-08-06 00:00:00,15,51.492622,-0.04828,"Property Eagle, Surrey",01903 443270,22/02/2019,21/02/2019
198,73657628,"Falmouth Road, London, SE1",2,"£425,000", flat,https://www.rightmove.co.uk//property-for-sale/property-73657628.html,Added ,2018-06-06 00:00:00,8,51.4958,-0.09411,"EXLA London, London",020 3858 2720,22/02/2019,21/02/2019
199,72789584,"St. Saviours Estate, London",3,"£434,999", flat,https://www.rightmove.co.uk//property-for-sale/property-72789584.html,Reduced ,2018-10-05 00:00:00,7,51.498333,-0.078609,"Doorsteps.co.uk, National",01298 445019,22/02/2019,21/02/2019
200,54199785,"Tempus Wharf, Axis Court, Shad Thames SE16",1,"£495,000", apartment,https://www.rightmove.co.uk//property-for-sale/property-54199785.html,Added ,2018-03-05 00:00:00,8,51.50093,-0.06739,"Chase Evans, Elephant and Castle",020 3858 2444,22/02/2019,21/02/2019
201,60159856,"Borough High Street, Borough, SE1",1,"£485,000", flat,https://www.rightmove.co.uk//property-for-sale/property-60159856.html,Reduced ,2018-04-25 00:00:00,9,51.50083,-0.094392,"Foxtons, London Bridge",020 8012 6757,22/02/2019,21/02/2019
202,56441511,"Kinglake Estate, Walworth, London, SE17",3,"£355,000", flat,https://www.rightmove.co.uk//property-for-sale/property-56441511.html,Added ,2018-04-16 00:00:00,9,51.488682,-0.0791,"YOUR MOVE - Pereira, Camberwell",020 8012 3817,22/02/2019,21/02/2019
203,52038975,"West Grove, Orchard View, Elephant Park, SE1",1,"£499,000", flat,https://www.rightmove.co.uk//property-for-sale/property-52038975.html,Reduced ,2018-06-04 00:00:00,10,51.4957,-0.0993,"Moving City, London",020 8012 4623,22/02/2019,21/02/2019
204,70457744,Tanner Street London Bridge SE1,2,"£485,000", flat,https://www.rightmove.co.uk//property-for-sale/property-70457744.html,Reduced ,2018-03-26 00:00:00,6,51.50042,-0.07995,"Acorn, London Bridge",020 8012 2625,22/02/2019,21/02/2019
205,52988391,Cadbury Way,1,"£255,000", flat,https://www.rightmove.co.uk//property-for-sale/property-52988391.html,Added ,2018-02-16 00:00:00,7,51.49416,-0.07128,"Martin & Co, London Bridge - Lettings & Sales",020 8012 6166,22/02/2019,21/02/2019
206,43420152,"Long Lane, London",1,"£339,950", flat,https://www.rightmove.co.uk//property-for-sale/property-43420152.html,Added ,2016-02-08 00:00:00,9,51.499832,-0.087563,"McMahon & Partners, London",020 3858 2774,22/02/2019,21/02/2019
207,71062724,"Canute Gardens, Surrey Quays, London, SE16 2PN",3,"£460,000", flat,https://www.rightmove.co.uk//property-for-sale/property-71062724.html,Added ,2018-01-19 00:00:00,8,51.49254,-0.04945,"Hunters, Surrey Quays",020 8012 4439,22/02/2019,21/02/2019
208,63191386,"Rowcross Street, Bermondsey, SE1",2,"£395,000", maisonett,https://www.rightmove.co.uk//property-for-sale/property-63191386.html,Added ,2017-12-15 00:00:00,7,51.488303,-0.0739,"Foxtons, London Bridge",020 8012 6757,22/02/2019,21/02/2019
209,51564261,"Chancellor House, 395 Rotherhithe New Road, London",1,"£425,000", apartment,https://www.rightmove.co.uk//property-for-sale/property-51564261.html,Reduced ,2017-12-13 00:00:00,8,51.484934,-0.066267,"Hastings International, London Bridge",020 8012 3343,22/02/2019,21/02/2019
210,75367874,"Henley Drive, Bermondsey, SE1",2,"£430,000", flat,https://www.rightmove.co.uk//property-for-sale/property-75367874.html,Added ,2017-03-10 00:00:00,8,51.493695,-0.073161,"Williams Lynch, London",020 8012 2590,22/02/2019,21/02/2019
211,36996843,"Newington Causeway, Elephant & Castle",2,, flat,https://www.rightmove.co.uk//property-for-sale/property-36996843.html,Added ,2015-10-15 00:00:00,0,51.49597,-0.09929,"Kinleigh Folkard & Hayward - Sales, London Bridge",020 8012 2031,21/02/2019,21/02/2019
212,53171204,"Long Lane, Borough",2,, flat,https://www.rightmove.co.uk//property-for-sale/property-53171204.html,Reduced ,2015-08-14 00:00:00,0,51.50112,-0.08986,"Kinleigh Folkard & Hayward - Sales, London Bridge",020 8012 2031,21/02/2019,21/02/2019
213,58744983,Empire Square South London SE1,1,, flat,https://www.rightmove.co.uk//property-for-sale/property-58744983.html,Reduced ,2019-11-02,8,51.50014,-0.09004,"Acorn, London Bridge",020 8012 2625,21/02/2019,21/02/2019
